-- MySQL dump 10.13  Distrib 5.7.24, for Linux (x86_64)
--
-- Host: localhost    Database: jobplus
-- ------------------------------------------------------
-- Server version	5.7.24-0ubuntu0.18.04.1

/*!40101 SET @OLD_CHARACTER_SET_CLIENT=@@CHARACTER_SET_CLIENT */;
/*!40101 SET @OLD_CHARACTER_SET_RESULTS=@@CHARACTER_SET_RESULTS */;
/*!40101 SET @OLD_COLLATION_CONNECTION=@@COLLATION_CONNECTION */;
/*!40101 SET NAMES utf8 */;
/*!40103 SET @OLD_TIME_ZONE=@@TIME_ZONE */;
/*!40103 SET TIME_ZONE='+00:00' */;
/*!40014 SET @OLD_UNIQUE_CHECKS=@@UNIQUE_CHECKS, UNIQUE_CHECKS=0 */;
/*!40014 SET @OLD_FOREIGN_KEY_CHECKS=@@FOREIGN_KEY_CHECKS, FOREIGN_KEY_CHECKS=0 */;
/*!40101 SET @OLD_SQL_MODE=@@SQL_MODE, SQL_MODE='NO_AUTO_VALUE_ON_ZERO' */;
/*!40111 SET @OLD_SQL_NOTES=@@SQL_NOTES, SQL_NOTES=0 */;

--
-- Table structure for table `alembic_version`
--

DROP TABLE IF EXISTS `alembic_version`;
/*!40101 SET @saved_cs_client     = @@character_set_client */;
/*!40101 SET character_set_client = utf8 */;
CREATE TABLE `alembic_version` (
  `version_num` varchar(32) NOT NULL,
  PRIMARY KEY (`version_num`)
) ENGINE=InnoDB DEFAULT CHARSET=utf8;
/*!40101 SET character_set_client = @saved_cs_client */;

--
-- Dumping data for table `alembic_version`
--

LOCK TABLES `alembic_version` WRITE;
/*!40000 ALTER TABLE `alembic_version` DISABLE KEYS */;
INSERT INTO `alembic_version` VALUES ('55551f164231');
/*!40000 ALTER TABLE `alembic_version` ENABLE KEYS */;
UNLOCK TABLES;

--
-- Table structure for table `company`
--

DROP TABLE IF EXISTS `company`;
/*!40101 SET @saved_cs_client     = @@character_set_client */;
/*!40101 SET character_set_client = utf8 */;
CREATE TABLE `company` (
  `created_at` datetime DEFAULT NULL,
  `updated_at` datetime DEFAULT NULL,
  `id` int(11) NOT NULL AUTO_INCREMENT,
  `url` varchar(512) NOT NULL,
  `logo` varchar(512) DEFAULT NULL,
  `about` varchar(1024) NOT NULL,
  `description` varchar(24) DEFAULT NULL,
  `location` varchar(64) DEFAULT NULL,
  `phone` text,
  `c_email` varchar(24) NOT NULL,
  `tags` varchar(128) DEFAULT NULL,
  `stack` varchar(128) DEFAULT NULL,
  `field` varchar(32) DEFAULT NULL,
  `financing` varchar(32) DEFAULT NULL,
  `user_id` int(11) DEFAULT NULL,
  PRIMARY KEY (`id`),
  KEY `user_id` (`user_id`),
  CONSTRAINT `company_ibfk_1` FOREIGN KEY (`user_id`) REFERENCES `user` (`id`) ON DELETE SET NULL
) ENGINE=InnoDB AUTO_INCREMENT=33 DEFAULT CHARSET=utf8;
/*!40101 SET character_set_client = @saved_cs_client */;

--
-- Dumping data for table `company`
--

LOCK TABLES `company` WRITE;
/*!40000 ALTER TABLE `company` DISABLE KEYS */;
INSERT INTO `company` VALUES ('2018-10-29 18:35:54','2018-10-29 18:35:54',1,'http://www.zhonglian.com','https://www.lgstatic.com/thumbnail_300x300/i/image2/M00/29/BC/CgotOVonjlKAIsZnAAAZXjnYA5U065.png','移动互联网 A轮 50-150人','总有WiFi在身边','厦门','15771938373','jing89@dai.org','13,15薪,六险一金',NULL,NULL,NULL,1),('2018-10-29 18:35:54','2018-10-29 18:35:54',2,'http://www.tianyancha.com','https://www.lgstatic.com/thumbnail_300x300/i/image3/M00/3D/4F/Cgq2xlqwZE6ALQtYAAB8tpoFtiw186.png','数据服务 A轮 50-150人','都能用的商业安全工具','北京','15945932236','gtan@hotmail.com','专项奖金,股票期权,带薪年假',NULL,NULL,NULL,2),('2018-10-29 18:35:54','2018-10-29 18:35:55',3,'http://www.sdiread.com','https://www.lgstatic.com/thumbnail_300x300/i/image/M00/B8/07/Cgp3O1jBCvWAGWkuAAG4acEYyQ0743.jpg','文化娱乐 B轮 50-150人','围绕微博','厦门','15320163171','qiangzhang@gu.cn','岗位晋升,年度旅游,年终分红',NULL,NULL,NULL,3),('2018-10-29 18:35:55','2018-10-29 18:35:55',4,'http://www.taqu.cn','https://www.lgstatic.com/thumbnail_300x300/image1/M00/3A/7C/Cgo8PFWtvLaABuaCAABpWoTJJtA465.png','移动互联网,电子商务 上市公司 150-500人','他趣上市','厦门','18620579495','oshi@luo.com','年底双薪,带薪年假,年度旅游',NULL,NULL,NULL,4),('2018-10-29 18:35:55','2018-10-29 18:35:55',5,'http://www.lagou.com/gongsi/150424.html','https://www.lgstatic.com/thumbnail_300x300/i/image2/M00/29/8B/CgoB5lonUSOASi4yAAAUQNytgP4781.png','电子商务 未融资 15-50人','一支有梦想','厦门','18775959476','wei59@gmail.com','帅哥多,领导好,节日礼物',NULL,NULL,NULL,5),('2018-10-29 18:35:55','2018-10-29 18:35:55',6,'http://www.cncn.com','https://www.lgstatic.com/thumbnail_300x300/i/image2/M00/22/AE/CgoB5loVO8uAek5hAAAjK198czw151.png','旅游 B轮 150-500人','面向旅游行业提供一体化电子商务服务','厦门','15575571478','fang90@luo.com','年底双薪,节日礼物,技能培训',NULL,NULL,NULL,6),('2018-10-29 18:35:55','2018-10-29 18:35:55',7,'http://www.91zhangtu.com','https://www.lgstatic.com/thumbnail_300x300/image1/M00/27/A9/Cgo8PFVb4SaAPfP6AABuoyEQFuY325.jpg','移动互联网,旅游 天使轮 15-50人','靠谱的团队','厦门','15006654045','yejie@tang.net','节日礼物,技能培训,绩效奖金',NULL,NULL,NULL,7),('2018-10-29 18:35:55','2018-10-29 18:35:55',8,'http://hr.meitu.com','https://www.lgstatic.com/thumbnail_300x300/i/image/M00/92/A6/CgpEMlsE076AYQiyAAAJ0Mnr3H4178.png','移动互联网,硬件 上市公司 2000人以上','加入美图','厦门','13915521082','axue@gmail.com','节日礼物,与大牛共事,福利健全',NULL,NULL,NULL,8),('2018-10-29 18:35:55','2018-10-29 18:35:55',9,'http://www.meiyaapp.com','https://www.lgstatic.com/thumbnail_300x300/i/image/M00/29/C0/CgpFT1kpTpOAMnJgAAATPIzAdN0408.png','移动互联网 不需要融资 50-150人','美芽','厦门','13706100963','vliu@wei.cn','节日礼物,免费班车,带薪年假',NULL,NULL,NULL,9),('2018-10-29 18:35:55','2018-10-29 18:35:55',10,'http://www.huayun.com','https://www.lgstatic.com/thumbnail_300x300/i/image/M00/38/19/CgpEMllCOq-AfKbgAAAbSN2dqjo435.png','移动互联网,数据服务 D轮及以上 500-2000人','华云数据集团','厦门','13172587651','eqiu@hotmail.com','节日礼物,带薪年假,扁平管理',NULL,NULL,NULL,10),('2018-10-29 18:35:55','2018-10-29 18:35:55',11,'https://www.gaoding.com','https://www.lgstatic.com/thumbnail_300x300/i/image2/M01/65/5F/CgotOVs_MWWAFMUiAAA9QthGU1c478.png','电子商务,企业服务 不需要融资 150-500人','欢乐逛全资子公司','厦门','15804897095','qiang14@hotmail.com','免费班车,绩效奖金,岗位晋升',NULL,NULL,NULL,11),('2018-10-29 18:35:55','2018-10-29 18:35:55',12,'http://www.boostfield.com','https://www.lgstatic.com/thumbnail_300x300/i/image2/M00/54/54/CgoB5lsY5-2AZIxQAAARyjlILgE846.png','移动互联网,企业服务 不需要融资 少于15人','专业的互联网解决方案提供商','厦门','14764157920','zduan@yahoo.com','岗位晋升,五险一金,股票期权',NULL,NULL,NULL,12),('2018-10-29 18:35:55','2018-10-29 18:35:55',13,'http://www.4399.com','https://www.lgstatic.com/thumbnail_300x300/i/image/M00/50/20/CgqKkVey7KKAQwHOAAASXRwwpcI865.jpg','移动互联网,游戏 不需要融资 2000人以上','加入4399','厦门','18165460951','yinxiuying@luo.com','带薪年假,免费班车,节日礼物',NULL,NULL,NULL,13),('2018-10-29 18:35:55','2018-10-29 18:35:55',14,'http://www.lixiaoqian.cn','https://www.lgstatic.com/thumbnail_300x300/i/image/M00/69/DB/CgpEMlmmUCGACcvtAAAQNHx2-UU631.jpg','移动互联网,生活服务 A轮 15-50人','高学历海龟团队','厦门','13820377358','wei29@yi.cn','节日礼物,股票期权,带薪年假',NULL,NULL,NULL,14),('2018-10-29 18:35:56','2018-10-29 18:35:56',15,'http://www.lixiaoqian.cn/','https://www.lgstatic.com/thumbnail_300x300/i/image/M00/66/21/CgpFT1mmT--ARW-PAAAQNHx2-UU193.jpg','其他 A轮 15-50人','小签科技','厦门','15585525155','whao@yahoo.com','绩效奖金,年终分红,弹性工作',NULL,NULL,NULL,15),('2018-10-29 18:35:56','2018-10-29 18:35:56',16,'http://yangcong345.com','https://www.lgstatic.com/thumbnail_300x300/i/image2/M00/1A/0D/CgotOVoAFfyAQt_cAANhx0qp9w8316.jpg','移动互联网,教育 C轮 150-500人','拥有最大规模用户的全国中小学理科线上辅导产品','北京','14796725951','lei03@xiang.cn','产品领先行业,关注学习本源,明星跨界团队',NULL,NULL,NULL,16),('2018-10-29 18:35:56','2018-10-29 18:35:56',17,'http://www.yunxiao.com/','https://www.lgstatic.com/thumbnail_300x300/i/image/M00/6E/3A/CgpEMlmv04SAHUV7AAAS44tQyuw400.png','教育,数据服务 C轮 500-2000人','如果旅途方向一致','北京','14731399497','songli@hotmail.com','技能培训,节日礼物,股票期权',NULL,NULL,NULL,17),('2018-10-29 18:35:56','2018-10-29 18:35:56',18,'https://hr.lagou.com/company/gongsi/425270.html','https://www.lgstatic.com/thumbnail_300x300/i/image2/M01/8F/48/CgoB5lugkYKAdPDjAACQS3xrORQ575.jpg','移动互联网 A轮 15-50人','摩尔妈妈是','北京','13143045752','pmeng@han.org','大牛带队,注重成长,硅谷范儿',NULL,NULL,NULL,18),('2018-10-29 18:35:56','2018-10-29 18:35:56',19,'http://www.meiyizaixian.com/','https://www.lgstatic.com/thumbnail_300x300/i/image2/M00/49/66/CgotOVrkKgyAYfNdAADCQv-1xrs805.jpg','电子商务,移动互联网 上市公司 150-500人','我们是上市美妆公司','厦门','15078690801','qzhou@fang.cn','领导好,美女多,技能培训',NULL,NULL,NULL,19),('2018-10-29 18:35:56','2018-10-29 18:35:56',20,'http://www.72byte.com','https://www.lgstatic.com/thumbnail_300x300/i/image/M00/32/54/Cgp3O1dONrKAKSIOAAAo-Q5wL5I920.jpg','硬件 A轮 50-150人','全球领先的智能生活平台','北京','18212332845','zengxiuying@lai.com','技能培训,节日礼物,绩效奖金',NULL,NULL,NULL,20),('2018-10-29 18:35:56','2018-10-29 18:35:56',21,'http://www.cfca.com.cn','https://www.lgstatic.com/thumbnail_300x300/i/image/M00/26/D2/CgqKkVci-kaAb4wNAAAWUt8qJLY447.jpg','金融,数据服务 不需要融资 500-2000人','网络信息安全守护神','北京','13177105607','xiuyingxiang@hotmail.com','年底双薪,绩效奖金,管理规范',NULL,NULL,NULL,21),('2018-10-29 18:35:56','2018-10-29 18:35:56',22,'http://www.xinrenxinshi.com','https://www.lgstatic.com/thumbnail_300x300/i/image/M00/BF/F5/CgqKkVjRGvuAeBNHAAA9vND4p-U397.jpg','企业服务 B轮 50-150人','极致好用的人力资源云平台','北京','15155737705','tao39@tao.com','股票期权,扁平管理,弹性工作',NULL,NULL,NULL,22),('2018-10-29 18:35:56','2018-10-29 18:35:56',23,'http://www.anzhi.com/','https://www.lgstatic.com/thumbnail_300x300/i/image/M00/83/AE/CgpEMlpWNI-Aco1BAAAe5vy4L0Y815.png','移动互联网 B轮 150-500人','安智网创办于2010年2月份','北京','13246022032','xpeng@gmail.com','绩效奖金,五险一金,带薪年假',NULL,NULL,NULL,23),('2018-10-29 18:35:56','2018-10-29 18:35:56',24,'http://www.cloudbrain.ai','https://www.lgstatic.com/thumbnail_300x300/i/image/M00/14/75/CgpEMljxqPeATVzMAABTwE-3uJc836.png','企业服务,数据服务 A轮 50-150人','致力于将硅谷最前沿的人工智能成果引入中国','北京','15863744031','gmo@yahoo.com','年底双薪,股票期权,扁平管理',NULL,NULL,NULL,24),('2018-10-29 18:35:56','2018-10-29 18:35:56',25,'http://www.guokr.com','https://www.lgstatic.com/thumbnail_300x300/image1/M00/00/16/CgYXBlTUWEaAaB5jAACYgc4pee4229.png','移动互联网,社交网络 C轮 150-500人','泛科学本土第一品牌','北京','18099447598','xiuying19@shen.org','技能培训,年度旅游,岗位晋升',NULL,NULL,NULL,25),('2018-10-29 18:35:56','2018-10-29 18:35:57',26,'http://www.segwayrobotics.com','https://www.lgstatic.com/thumbnail_300x300/i/image2/M01/71/43/CgotOVtZT0uAZrACAABI6Qqlyw0839.jpg','硬件 C轮 50-150人','预测未来的最好方式','北京','15969095286','yangong@gmail.com','黑科技业务,高智商团队,绩效奖励',NULL,NULL,NULL,26),('2018-10-29 18:35:57','2018-10-29 18:35:57',27,'http://www.zaih.com/?utm_source=baidupinzhuan&utm_medium=pcsearch&utm_campaign=series2','https://www.lgstatic.com/thumbnail_300x300/i/image3/M00/16/E6/CgpOIFp0CLuAeCL2AAAVNpisHiQ962.png','移动互联网,教育 A轮 50-150人','果壳','北京','18904610205','liyin@yahoo.com','股票期权,年终奖,家庭式三餐',NULL,NULL,NULL,27),('2018-10-29 18:35:57','2018-10-29 18:35:57',28,'http://www.moqiwanba.com','https://www.lgstatic.com/thumbnail_300x300/i/image/M00/7B/73/CgqKkVhCuE6AMhXaAAAc4KLBL5k821.png','移动互联网,社交网络 B轮 150-500人','靠玩解决一切的娱乐社交APP','北京','14779051630','yjiang@tan.com','去他的考勤,高手云集,股票期权',NULL,NULL,NULL,28),('2018-10-29 18:35:57','2018-10-29 18:35:57',29,'https://www.megvii.com/','https://www.lgstatic.com/thumbnail_300x300/i/image/M00/8A/62/CgqKkVh1n0eACORfAAAQPSvw5sM235.jpg','移动互联网,硬件 C轮 500-2000人','极客范儿的人工智能公司','北京','18739458517','luotao@yahoo.com','科技大牛公司,自助三餐,年终多薪',NULL,NULL,NULL,29),('2018-10-29 18:35:57','2018-10-29 18:35:57',30,'http://www.mioji.com','https://www.lgstatic.com/thumbnail_300x300/i/image3/M00/33/B0/CgpOIFqmH5iAERXHAAATykToQK4965.jpg','旅游 B轮 150-500人','技术实力派','北京','15126997768','yandu@hotmail.com','股票期权,十四薪,零食饮料水果',NULL,NULL,NULL,30),('2018-10-29 18:35:57','2018-10-29 18:35:57',31,'http://www.tongbu.com','https://www.lgstatic.com/thumbnail_300x300/image1/M00/00/08/Cgo8PFTUWBCAcSJHAAB-yfiYxHM640.png','移动互联网 上市公司 150-500人','公司专注于互联网','厦门','15292492400','chao80@gmail.com','年底双薪,绩效奖金,带薪年假',NULL,NULL,NULL,31),('2018-10-29 18:35:57','2018-10-29 18:35:57',32,'http://www.huoli.com','https://www.lgstatic.com/thumbnail_300x300/i/image/M00/17/19/CgqKkVbw82CAAmBDAABb58-N6IM299.png','移动互联网 C轮 500-2000人','为用户体验而生','北京','14764109006','sujie@fan.com','技能培训,带薪年假,扁平管理',NULL,NULL,NULL,32);
/*!40000 ALTER TABLE `company` ENABLE KEYS */;
UNLOCK TABLES;

--
-- Table structure for table `delivery`
--

DROP TABLE IF EXISTS `delivery`;
/*!40101 SET @saved_cs_client     = @@character_set_client */;
/*!40101 SET character_set_client = utf8 */;
CREATE TABLE `delivery` (
  `created_at` datetime DEFAULT NULL,
  `updated_at` datetime DEFAULT NULL,
  `id` int(11) NOT NULL AUTO_INCREMENT,
  `job_id` int(11) DEFAULT NULL,
  `user_id` int(11) DEFAULT NULL,
  `company_id` int(11) DEFAULT NULL,
  `status` smallint(6) DEFAULT NULL,
  `response` varchar(256) DEFAULT NULL,
  PRIMARY KEY (`id`),
  KEY `company_id` (`company_id`),
  KEY `job_id` (`job_id`),
  KEY `user_id` (`user_id`),
  CONSTRAINT `delivery_ibfk_1` FOREIGN KEY (`company_id`) REFERENCES `company` (`id`) ON DELETE SET NULL,
  CONSTRAINT `delivery_ibfk_2` FOREIGN KEY (`job_id`) REFERENCES `job` (`id`) ON DELETE SET NULL,
  CONSTRAINT `delivery_ibfk_3` FOREIGN KEY (`user_id`) REFERENCES `user` (`id`) ON DELETE SET NULL
) ENGINE=InnoDB AUTO_INCREMENT=99 DEFAULT CHARSET=utf8;
/*!40101 SET character_set_client = @saved_cs_client */;

--
-- Dumping data for table `delivery`
--

LOCK TABLES `delivery` WRITE;
/*!40000 ALTER TABLE `delivery` DISABLE KEYS */;
INSERT INTO `delivery` VALUES ('2018-10-29 18:35:57','2018-10-29 18:35:57',1,2,34,1,1,NULL),('2018-10-29 18:35:57','2018-10-29 18:35:57',2,3,34,1,1,NULL),('2018-10-29 18:35:57','2018-10-29 18:35:57',3,4,34,1,1,NULL),('2018-10-29 18:35:57','2018-10-29 18:35:57',4,5,34,1,1,NULL),('2018-10-29 18:35:57','2018-10-29 18:35:57',5,6,34,1,1,NULL),('2018-10-29 18:35:57','2018-10-29 18:35:57',6,7,34,1,1,NULL),('2018-10-29 18:35:57','2018-10-29 18:35:57',7,8,34,1,1,NULL),('2018-10-29 18:35:57','2018-10-29 18:35:57',8,9,34,1,1,NULL),('2018-10-29 18:35:57','2018-10-29 18:35:57',9,10,34,1,1,NULL),('2018-10-29 18:35:57','2018-10-29 18:35:57',10,11,34,2,1,NULL),('2018-10-29 18:35:57','2018-10-29 18:35:57',11,12,34,2,1,NULL),('2018-10-29 18:35:57','2018-10-29 18:35:57',12,13,34,2,1,NULL),('2018-10-29 18:35:57','2018-10-29 18:35:57',13,14,34,2,1,NULL),('2018-10-29 18:35:57','2018-10-29 18:35:57',14,15,34,2,1,NULL),('2018-10-29 18:35:57','2018-10-29 18:35:57',15,16,34,2,1,NULL),('2018-10-29 18:35:57','2018-10-29 18:35:57',16,17,34,2,1,NULL),('2018-10-29 18:35:57','2018-10-29 18:35:57',17,18,34,2,1,NULL),('2018-10-29 18:35:57','2018-10-29 18:35:57',18,19,34,2,1,NULL),('2018-10-29 18:35:57','2018-10-29 18:35:57',19,20,34,2,1,NULL),('2018-10-29 18:35:57','2018-10-29 18:35:57',20,21,34,3,1,NULL),('2018-10-29 18:35:57','2018-10-29 18:35:57',21,22,34,3,1,NULL),('2018-10-29 18:35:57','2018-10-29 18:35:57',22,23,34,3,1,NULL),('2018-10-29 18:35:57','2018-10-29 18:35:57',23,24,34,3,1,NULL),('2018-10-29 18:35:57','2018-10-29 18:35:57',24,25,34,3,1,NULL),('2018-10-29 18:35:57','2018-10-29 18:35:57',25,26,34,3,1,NULL),('2018-10-29 18:35:57','2018-10-29 18:35:57',26,27,34,3,1,NULL),('2018-10-29 18:35:57','2018-10-29 18:35:57',27,28,34,3,1,NULL),('2018-10-29 18:35:57','2018-10-29 18:35:57',28,29,34,3,1,NULL),('2018-10-29 18:35:57','2018-10-29 18:35:57',29,30,34,3,1,NULL),('2018-10-29 18:35:57','2018-10-29 18:35:57',30,31,34,4,1,NULL),('2018-10-29 18:35:57','2018-10-29 18:35:57',31,32,34,4,1,NULL),('2018-10-29 18:35:57','2018-10-29 18:35:57',32,33,34,4,1,NULL),('2018-10-29 18:35:57','2018-10-29 18:35:57',33,34,34,4,1,NULL),('2018-10-29 18:35:57','2018-10-29 18:35:57',34,35,34,4,1,NULL),('2018-10-29 18:35:57','2018-10-29 18:35:57',35,36,34,4,1,NULL),('2018-10-29 18:35:57','2018-10-29 18:35:57',36,37,34,4,1,NULL),('2018-10-29 18:35:57','2018-10-29 18:35:57',37,38,34,4,1,NULL),('2018-10-29 18:35:57','2018-10-29 18:35:57',38,39,34,4,1,NULL),('2018-10-29 18:35:57','2018-10-29 18:35:57',39,40,34,4,1,NULL),('2018-10-29 18:35:57','2018-10-29 18:35:57',40,41,34,5,1,NULL),('2018-10-29 18:35:57','2018-10-29 18:35:57',41,42,34,5,1,NULL),('2018-10-29 18:35:57','2018-10-29 18:35:57',42,43,34,5,1,NULL),('2018-10-29 18:35:57','2018-10-29 18:35:57',43,44,34,5,1,NULL),('2018-10-29 18:35:57','2018-10-29 18:35:57',44,45,34,5,1,NULL),('2018-10-29 18:35:57','2018-10-29 18:35:57',45,46,34,5,1,NULL),('2018-10-29 18:35:57','2018-10-29 18:35:57',46,47,34,5,1,NULL),('2018-10-29 18:35:57','2018-10-29 18:35:57',47,48,34,5,1,NULL),('2018-10-29 18:35:57','2018-10-29 18:35:57',48,49,34,5,1,NULL),('2018-10-29 18:35:57','2018-10-29 18:35:57',49,50,34,5,1,NULL),('2018-10-29 18:35:57','2018-10-29 18:35:57',50,51,34,6,1,NULL),('2018-10-29 18:35:57','2018-10-29 18:35:57',51,52,34,6,1,NULL),('2018-10-29 18:35:57','2018-10-29 18:35:57',52,53,34,6,1,NULL),('2018-10-29 18:35:58','2018-10-29 18:35:58',53,54,34,6,1,NULL),('2018-10-29 18:35:58','2018-10-29 18:35:58',54,55,34,6,1,NULL),('2018-10-29 18:35:58','2018-10-29 18:35:58',55,56,34,6,1,NULL),('2018-10-29 18:35:58','2018-10-29 18:35:58',56,57,34,6,1,NULL),('2018-10-29 18:35:58','2018-10-29 18:35:58',57,58,34,6,1,NULL),('2018-10-29 18:35:58','2018-10-29 18:35:58',58,59,34,6,1,NULL),('2018-10-29 18:35:58','2018-10-29 18:35:58',59,60,34,6,1,NULL),('2018-10-29 18:35:58','2018-10-29 18:35:58',60,61,34,7,1,NULL),('2018-10-29 18:35:58','2018-10-29 18:35:58',61,62,34,7,1,NULL),('2018-10-29 18:35:58','2018-10-29 18:35:58',62,63,34,7,1,NULL),('2018-10-29 18:35:58','2018-10-29 18:35:58',63,64,34,7,1,NULL),('2018-10-29 18:35:58','2018-10-29 18:35:58',64,65,34,7,1,NULL),('2018-10-29 18:35:58','2018-10-29 18:35:58',65,66,34,7,1,NULL),('2018-10-29 18:35:58','2018-10-29 18:35:58',66,67,34,7,1,NULL),('2018-10-29 18:35:58','2018-10-29 18:35:58',67,68,34,7,1,NULL),('2018-10-29 18:35:58','2018-10-29 18:35:58',68,69,34,7,1,NULL),('2018-10-29 18:35:58','2018-10-29 18:35:58',69,70,34,7,1,NULL),('2018-10-29 18:35:58','2018-10-29 18:35:58',70,71,34,8,1,NULL),('2018-10-29 18:35:58','2018-10-29 18:35:58',71,72,34,8,1,NULL),('2018-10-29 18:35:58','2018-10-29 18:35:58',72,73,34,8,1,NULL),('2018-10-29 18:35:58','2018-10-29 18:35:58',73,74,34,8,1,NULL),('2018-10-29 18:35:58','2018-10-29 18:35:58',74,75,34,8,1,NULL),('2018-10-29 18:35:58','2018-10-29 18:35:58',75,76,34,8,1,NULL),('2018-10-29 18:35:58','2018-10-29 18:35:58',76,77,34,8,1,NULL),('2018-10-29 18:35:58','2018-10-29 18:35:58',77,78,34,8,1,NULL),('2018-10-29 18:35:58','2018-10-29 18:35:58',78,79,34,8,1,NULL),('2018-10-29 18:35:58','2018-10-29 18:35:58',79,80,34,8,1,NULL),('2018-10-29 18:35:58','2018-10-29 18:35:58',80,81,34,9,1,NULL),('2018-10-29 18:35:58','2018-10-29 18:35:58',81,82,34,9,1,NULL),('2018-10-29 18:35:58','2018-10-29 18:35:58',82,83,34,9,1,NULL),('2018-10-29 18:35:58','2018-10-29 18:35:58',83,84,34,9,1,NULL),('2018-10-29 18:35:58','2018-10-29 18:35:58',84,85,34,9,1,NULL),('2018-10-29 18:35:58','2018-10-29 18:35:58',85,86,34,9,1,NULL),('2018-10-29 18:35:58','2018-10-29 18:35:58',86,87,34,9,1,NULL),('2018-10-29 18:35:58','2018-10-29 18:35:58',87,88,34,9,1,NULL),('2018-10-29 18:35:58','2018-10-29 18:35:58',88,89,34,9,1,NULL),('2018-10-29 18:35:58','2018-10-29 18:35:58',89,90,34,9,1,NULL),('2018-10-29 18:35:58','2018-10-29 18:35:58',90,91,34,10,1,NULL),('2018-10-29 18:35:58','2018-10-29 18:35:58',91,92,34,10,1,NULL),('2018-10-29 18:35:58','2018-10-29 18:35:58',92,93,34,10,1,NULL),('2018-10-29 18:35:58','2018-10-29 18:35:58',93,94,34,10,1,NULL),('2018-10-29 18:35:58','2018-10-29 18:35:58',94,95,34,10,1,NULL),('2018-10-29 18:35:58','2018-10-29 18:35:58',95,96,34,10,1,NULL),('2018-10-29 18:35:58','2018-10-29 18:35:58',96,97,34,10,1,NULL),('2018-10-29 18:35:58','2018-10-29 18:35:58',97,98,34,10,1,NULL),('2018-10-29 18:35:58','2018-10-29 18:35:58',98,99,34,10,1,NULL);
/*!40000 ALTER TABLE `delivery` ENABLE KEYS */;
UNLOCK TABLES;

--
-- Table structure for table `job`
--

DROP TABLE IF EXISTS `job`;
/*!40101 SET @saved_cs_client     = @@character_set_client */;
/*!40101 SET character_set_client = utf8 */;
CREATE TABLE `job` (
  `created_at` datetime DEFAULT NULL,
  `updated_at` datetime DEFAULT NULL,
  `id` int(11) NOT NULL AUTO_INCREMENT,
  `jobname` varchar(32) NOT NULL,
  `description` varchar(128) DEFAULT NULL,
  `experience_requirement` varchar(32) DEFAULT NULL,
  `degree_requirement` varchar(32) DEFAULT NULL,
  `lowest_salary` int(11) DEFAULT NULL,
  `highest_salary` int(11) DEFAULT NULL,
  `location` varchar(24) DEFAULT NULL,
  `education` varchar(32) DEFAULT NULL,
  `job_label` varchar(128) DEFAULT NULL,
  `is_fulltime` tinyint(1) DEFAULT NULL,
  `is_open` tinyint(1) DEFAULT NULL,
  `company_id` int(11) DEFAULT NULL,
  PRIMARY KEY (`id`),
  KEY `company_id` (`company_id`),
  CONSTRAINT `job_ibfk_1` FOREIGN KEY (`company_id`) REFERENCES `company` (`id`) ON DELETE CASCADE
) ENGINE=InnoDB AUTO_INCREMENT=321 DEFAULT CHARSET=utf8;
/*!40101 SET character_set_client = @saved_cs_client */;

--
-- Dumping data for table `job`
--

LOCK TABLES `job` WRITE;
/*!40000 ALTER TABLE `job` DISABLE KEYS */;
INSERT INTO `job` VALUES ('2018-10-29 18:35:54','2018-10-29 18:35:54',1,'系统分析员','方面拥有程序你的.','1年以上','本科以上',6000,7000,'云南省',NULL,'活动 标准 免费',1,1,1),('2018-10-29 18:35:54','2018-10-29 18:35:54',2,'团购经理/主管','业务电子组织音乐发展.','1年以上','硕士以上',6000,8000,'青海省',NULL,'国家 单位 只要',1,1,1),('2018-10-29 18:35:54','2018-10-29 18:35:54',3,'投资者关系','经营部分具有工程.','3-5年','硕士以上',3000,8000,'山西省',NULL,'其他 最后 地址',1,1,1),('2018-10-29 18:35:54','2018-10-29 18:35:54',4,'药库主任/药剂师','发表目前法律根据.','无经验','本科以上',6000,7000,'山东省',NULL,'完成 支持 谢谢',1,1,1),('2018-10-29 18:35:54','2018-10-29 18:35:54',5,'手机软件开发工程师','更多回复最大生产作为.','无经验','大专以上',6000,10000,'内蒙古自治区',NULL,'很多 以上 设备',1,1,1),('2018-10-29 18:35:54','2018-10-29 18:35:54',6,'其它','女人只是电脑显示游戏.','1-3年','本科以上',3000,9000,'湖北省',NULL,'简介 品牌 国内',1,1,1),('2018-10-29 18:35:54','2018-10-29 18:35:54',7,'金融产品销售','各种留言的话使用电脑.','1-3年','大专以上',5000,9000,'贵州省',NULL,'在线 公司 关系',1,1,1),('2018-10-29 18:35:54','2018-10-29 18:35:54',8,'放映员','发生这里其中留言数据功能.','3-5年','本科以上',5000,10000,'辽宁省',NULL,'还是 准备 组织',1,1,1),('2018-10-29 18:35:54','2018-10-29 18:35:54',9,'数据库工程师/管理员','发布问题成为他的更多大小觉得人员.','1-3年','大专以上',5000,9000,'贵州省',NULL,'留言 比较 非常',1,1,1),('2018-10-29 18:35:54','2018-10-29 18:35:54',10,'售前/售后技术支持主管','教育情况产品服务进行文件.','无经验','硕士以上',5000,7000,'江苏省',NULL,'提高 单位 功能',1,1,1),('2018-10-29 18:35:54','2018-10-29 18:35:54',11,'高级物业顾问/物业顾问','语言起来人员工作.','3-5年','大专以上',3000,7000,'福建省',NULL,'一点 一般 开发',1,1,2),('2018-10-29 18:35:54','2018-10-29 18:35:54',12,'税务经理/税务主管','客户如果影响同时一点经济.','1-3年','大专以上',5000,7000,'辽宁省',NULL,'加入 只要 如果',1,1,2),('2018-10-29 18:35:54','2018-10-29 18:35:54',13,'规划与设计','进行积分报告基本次数一点.','无经验','本科以上',2000,7000,'青海省',NULL,'谢谢 一些 这么',1,1,2),('2018-10-29 18:35:54','2018-10-29 18:35:54',14,'建筑安装施工员','发现希望评论孩子支持工具网上.','无经验','大专以上',6000,7000,'新疆维吾尔自治区',NULL,'以及 作品 市场',1,1,2),('2018-10-29 18:35:54','2018-10-29 18:35:54',15,'商务主管/专员','目前经营情况因此.','1-3年','本科以上',2000,10000,'山东省',NULL,'控制 责任 问题',1,1,2),('2018-10-29 18:35:54','2018-10-29 18:35:54',16,'信贷管理','浏览不能电影这么.','3-5年','硕士以上',3000,10000,'安徽省',NULL,'客户 教育 电脑',1,1,2),('2018-10-29 18:35:54','2018-10-29 18:35:54',17,'驾校教练','更新因为关系电话一下.','1年以上','大专以上',3000,9000,'湖北省',NULL,'大家 不断 行业',1,1,2),('2018-10-29 18:35:54','2018-10-29 18:35:54',18,'家政保洁','政府简介要求重要.','1-3年','硕士以上',6000,10000,'广西壮族自治区',NULL,'无法 提高 方式',1,1,2),('2018-10-29 18:35:54','2018-10-29 18:35:54',19,'熟食加工','记者设计责任计划点击所以精华.','1年以上','硕士以上',5000,10000,'江苏省',NULL,'类型 认为 非常',1,1,2),('2018-10-29 18:35:54','2018-10-29 18:35:54',20,'工程造价师/预结算经理','发展经济所有.','1年以上','硕士以上',3000,10000,'山西省',NULL,'很多 他的 时候',1,1,2),('2018-10-29 18:35:55','2018-10-29 18:35:55',21,'瑜伽老师','其中价格成功业务注册记者开始.','无经验','本科以上',3000,8000,'内蒙古自治区',NULL,'这些 手机 朋友',1,1,3),('2018-10-29 18:35:55','2018-10-29 18:35:55',22,'开发报建','时候各种北京怎么.','1-3年','大专以上',3000,10000,'辽宁省',NULL,'准备 因此 本站',1,1,3),('2018-10-29 18:35:55','2018-10-29 18:35:55',23,'大数据开发/分析','结果内容关于的话非常操作一直.','3-5年','大专以上',5000,8000,'江西省',NULL,'市场 人员 决定',1,1,3),('2018-10-29 18:35:55','2018-10-29 18:35:55',24,'行政经理/主管/办公室主任','中心已经所以状态解决商品下载.','1-3年','本科以上',2000,10000,'山东省',NULL,'能够 以上 开发',1,1,3),('2018-10-29 18:35:55','2018-10-29 18:35:55',25,'电子/电器维修工程师/技师','社会虽然搜索无法.','1-3年','硕士以上',2000,8000,'四川省',NULL,'不同 说明 为什',1,1,3),('2018-10-29 18:35:55','2018-10-29 18:35:55',26,'资料员','主要您的这样学校可是结果新闻感觉.','1-3年','大专以上',6000,9000,'甘肃省',NULL,'全部 威望 关系',1,1,3),('2018-10-29 18:35:55','2018-10-29 18:35:55',27,'软件测试','解决查看这是大小技术任何.','无经验','本科以上',2000,10000,'陕西省',NULL,'业务 然后 关系',1,1,3),('2018-10-29 18:35:55','2018-10-29 18:35:55',28,'电气工程师/技术员','作者标准计划无法.','3-5年','硕士以上',6000,7000,'安徽省',NULL,'不过 更多 或者',1,1,3),('2018-10-29 18:35:55','2018-10-29 18:35:55',29,'促销经理','影响浏览显示影响完成他的.','3-5年','本科以上',5000,10000,'宁夏回族自治区',NULL,'计划 客户 那些',1,1,3),('2018-10-29 18:35:55','2018-10-29 18:35:55',30,'客户主管/专员','信息经济解决商品语言其他不是.','1年以上','大专以上',6000,8000,'山东省',NULL,'首页 回复 怎么',1,1,3),('2018-10-29 18:35:55','2018-10-29 18:35:55',31,'贸易/外贸经理/主管','位置具有法律注册一种直接直接来自.','1-3年','大专以上',6000,9000,'福建省',NULL,'大学 不过 中国',1,1,4),('2018-10-29 18:35:55','2018-10-29 18:35:55',32,'电分操作员','资料一下地区以及为了.','3-5年','硕士以上',6000,9000,'贵州省',NULL,'这是 单位 决定',1,1,4),('2018-10-29 18:35:55','2018-10-29 18:35:55',33,'其他','游戏生活品牌人民.','1-3年','硕士以上',5000,7000,'安徽省',NULL,'一起 无法 结果',1,1,4),('2018-10-29 18:35:55','2018-10-29 18:35:55',34,'财务顾问','或者没有等级设计国内完成以上.','1-3年','硕士以上',3000,9000,'湖北省',NULL,'主题 作者 加入',1,1,4),('2018-10-29 18:35:55','2018-10-29 18:35:55',35,'水处理工程师','其他方面这个女人喜欢这里.','1年以上','本科以上',5000,8000,'湖北省',NULL,'文化 一起 特别',1,1,4),('2018-10-29 18:35:55','2018-10-29 18:35:55',36,'生产总监','怎么管理进行你们.','无经验','大专以上',6000,8000,'内蒙古自治区',NULL,'感觉 非常 其中',1,1,4),('2018-10-29 18:35:55','2018-10-29 18:35:55',37,'氩弧焊工','她的支持来源.','1年以上','大专以上',3000,9000,'江西省',NULL,'地区 关于 知道',1,1,4),('2018-10-29 18:35:55','2018-10-29 18:35:55',38,'停车管理员','发布不断只有人员.','1年以上','大专以上',5000,8000,'河南省',NULL,'没有 这个 精华',1,1,4),('2018-10-29 18:35:55','2018-10-29 18:35:55',39,'首席财务官 CFO','评论部门应该文章还是我们下载.','1年以上','硕士以上',2000,10000,'湖南省',NULL,'经营 制作 不是',1,1,4),('2018-10-29 18:35:55','2018-10-29 18:35:55',40,'监察人员','大家准备世界不过包括您的是一.','3-5年','大专以上',6000,9000,'湖北省',NULL,'如此 问题 电影',1,1,4),('2018-10-29 18:35:55','2018-10-29 18:35:55',41,'调研员','认为城市各种.','无经验','本科以上',6000,7000,'宁夏回族自治区',NULL,'各种 文件 不同',1,1,5),('2018-10-29 18:35:55','2018-10-29 18:35:55',42,'人事主管','内容发生经验孩子管理.','无经验','硕士以上',5000,7000,'湖南省',NULL,'他的 之后 最后',1,1,5),('2018-10-29 18:35:55','2018-10-29 18:35:55',43,'产品/品牌主管','人民经济信息活动.','1-3年','大专以上',6000,7000,'湖南省',NULL,'而且 游戏 事情',1,1,5),('2018-10-29 18:35:55','2018-10-29 18:35:55',44,'律师/法务/合规','更新而且更新认为如何经验.','1-3年','本科以上',3000,9000,'西藏自治区',NULL,'社区 不断 支持',1,1,5),('2018-10-29 18:35:55','2018-10-29 18:35:55',45,'其他','现在报告那个这么所有.','无经验','硕士以上',5000,10000,'江西省',NULL,'其他 学习 显示',1,1,5),('2018-10-29 18:35:55','2018-10-29 18:35:55',46,'其他','一点完全根据以及表示你们.','1-3年','大专以上',2000,9000,'黑龍江省',NULL,'是否 问题 商品',1,1,5),('2018-10-29 18:35:55','2018-10-29 18:35:55',47,'针灸/推拿','当前国内不断而且不同欢迎在线.','1-3年','本科以上',2000,8000,'贵州省',NULL,'发表 当然 准备',1,1,5),('2018-10-29 18:35:55','2018-10-29 18:35:55',48,'产品/品牌经理','深圳完成出来操作.','无经验','硕士以上',2000,10000,'广东省',NULL,'游戏 如此 一样',1,1,5),('2018-10-29 18:35:55','2018-10-29 18:35:55',49,'保镖','处理原因无法.','无经验','大专以上',5000,9000,'陕西省',NULL,'自己 原因 部门',1,1,5),('2018-10-29 18:35:55','2018-10-29 18:35:55',50,'咖啡师','进行也是是一位置文件日期什么状态.','3-5年','大专以上',6000,8000,'陕西省',NULL,'人员 解决 企业',1,1,5),('2018-10-29 18:35:55','2018-10-29 18:35:55',51,'影视/媒体','商品一样主题这里根据北京.','1年以上','大专以上',6000,7000,'江苏省',NULL,'市场 资源 发展',1,1,6),('2018-10-29 18:35:55','2018-10-29 18:35:55',52,'团购业务员','质量很多发布一点质量标题.','3-5年','大专以上',3000,9000,'安徽省',NULL,'还有 方面 大学',1,1,6),('2018-10-29 18:35:55','2018-10-29 18:35:55',53,'调酒师/侍酒师/吧台员','美国下载影响生产查看质量参加支持.','无经验','大专以上',5000,10000,'吉林省',NULL,'帖子 男人 最后',1,1,6),('2018-10-29 18:35:55','2018-10-29 18:35:55',54,'纺织工','音乐主题显示具有.','3-5年','本科以上',2000,7000,'河北省',NULL,'我的 设计 拥有',1,1,6),('2018-10-29 18:35:55','2018-10-29 18:35:55',55,'驻唱/歌手','有限应用您的时候法律.','1年以上','本科以上',6000,10000,'浙江省',NULL,'包括 经验 运行',1,1,6),('2018-10-29 18:35:55','2018-10-29 18:35:55',56,'测试员','这样运行特别的话精华.','3-5年','本科以上',6000,7000,'河北省',NULL,'只要 工具 如此',1,1,6),('2018-10-29 18:35:55','2018-10-29 18:35:55',57,'医疗器械注册','当然客户部门单位.','3-5年','硕士以上',3000,9000,'山西省',NULL,'发表 欢迎 的人',1,1,6),('2018-10-29 18:35:55','2018-10-29 18:35:55',58,'保安经理','朋友这么发表这是如何操作.','3-5年','大专以上',5000,7000,'湖北省',NULL,'工作 感觉 当然',1,1,6),('2018-10-29 18:35:55','2018-10-29 18:35:55',59,'工程/设备经理','技术已经数据回复您的欢迎最大.','无经验','本科以上',6000,8000,'辽宁省',NULL,'汽车 品牌 自己',1,1,6),('2018-10-29 18:35:55','2018-10-29 18:35:55',60,'验光师','学习内容为什但是状态.','无经验','本科以上',2000,8000,'贵州省',NULL,'大学 客户 处理',1,1,6),('2018-10-29 18:35:55','2018-10-29 18:35:55',61,'咨询总监','帮助不同所以信息如此.','3-5年','大专以上',6000,8000,'福建省',NULL,'评论 人员 自己',1,1,7),('2018-10-29 18:35:55','2018-10-29 18:35:55',62,'水质检测员','地区服务具有很多重要.','3-5年','本科以上',2000,7000,'内蒙古自治区',NULL,'不能 内容 详细',1,1,7),('2018-10-29 18:35:55','2018-10-29 18:35:55',63,'调度员','具有制作社区一种.','1-3年','大专以上',5000,10000,'吉林省',NULL,'主题 那些 目前',1,1,7),('2018-10-29 18:35:55','2018-10-29 18:35:55',64,'其他','可能能力国际.','无经验','本科以上',3000,9000,'安徽省',NULL,'关系 汽车 分析',1,1,7),('2018-10-29 18:35:55','2018-10-29 18:35:55',65,'建筑项目助理','方面注意支持完全活动.','3-5年','大专以上',5000,10000,'云南省',NULL,'生产 就是 安全',1,1,7),('2018-10-29 18:35:55','2018-10-29 18:35:55',66,'产品规划工程师','现在自己不断文件或者.','1年以上','本科以上',3000,10000,'新疆维吾尔自治区',NULL,'服务 有些 文章',1,1,7),('2018-10-29 18:35:55','2018-10-29 18:35:55',67,'生产主管','不要运行中文方面.','1-3年','本科以上',3000,10000,'广西壮族自治区',NULL,'孩子 包括 应该',1,1,7),('2018-10-29 18:35:55','2018-10-29 18:35:55',68,'行长/副行长','报告环境以上如何主要.','无经验','本科以上',2000,7000,'山东省',NULL,'应该 工具 在线',1,1,7),('2018-10-29 18:35:55','2018-10-29 18:35:55',69,'前台迎宾','包括登录两个.','无经验','硕士以上',3000,10000,'江苏省',NULL,'直接 网络 位置',1,1,7),('2018-10-29 18:35:55','2018-10-29 18:35:55',70,'技术研发工程师','科技今年电子软件其实建设.','1-3年','硕士以上',5000,8000,'内蒙古自治区',NULL,'规定 更多 北京',1,1,7),('2018-10-29 18:35:55','2018-10-29 18:35:55',71,'市场/营销/拓展总监','一定生产公司电子计划.','无经验','本科以上',2000,9000,'吉林省',NULL,'新闻 根据 特别',1,1,8),('2018-10-29 18:35:55','2018-10-29 18:35:55',72,'包装工','一样开始名称功能那个可能标准登录.','1年以上','硕士以上',3000,9000,'浙江省',NULL,'其中 原因 一些',1,1,8),('2018-10-29 18:35:55','2018-10-29 18:35:55',73,'需求工程师','各种成功无法首页分析.','1年以上','本科以上',5000,8000,'安徽省',NULL,'单位 进行 一起',1,1,8),('2018-10-29 18:35:55','2018-10-29 18:35:55',74,'生物/制药/医疗器械','留言进行更新发生合作希望.','3-5年','本科以上',5000,9000,'湖南省',NULL,'之后 标准 当然',1,1,8),('2018-10-29 18:35:55','2018-10-29 18:35:55',75,'环境影响评价工程师','表示这么软件环境起来状态同时.','1-3年','本科以上',6000,7000,'福建省',NULL,'最新 说明 欢迎',1,1,8),('2018-10-29 18:35:55','2018-10-29 18:35:55',76,'娱乐领班','表示一样音乐责任通过.','1-3年','大专以上',5000,8000,'湖北省',NULL,'软件 在线 成功',1,1,8),('2018-10-29 18:35:55','2018-10-29 18:35:55',77,'造型师','注意知道一切经济当前.','无经验','硕士以上',3000,8000,'湖南省',NULL,'只要 这是 解决',1,1,8),('2018-10-29 18:35:55','2018-10-29 18:35:55',78,'收银员','成为两个不过谢谢.','1年以上','大专以上',2000,8000,'辽宁省',NULL,'开始 由于 单位',1,1,8),('2018-10-29 18:35:55','2018-10-29 18:35:55',79,'房地产评估','希望发现电子资源北京之后学校.','无经验','硕士以上',2000,9000,'青海省',NULL,'不会 不是 还是',1,1,8),('2018-10-29 18:35:55','2018-10-29 18:35:55',80,'市场企划专员','非常一起出来方法商品.','无经验','硕士以上',3000,8000,'陕西省',NULL,'密码 这个 介绍',1,1,8),('2018-10-29 18:35:55','2018-10-29 18:35:55',81,'外语培训师','科技国际以上一般法律语言类型发现.','1-3年','大专以上',3000,8000,'湖北省',NULL,'等级 影响 学生',1,1,9),('2018-10-29 18:35:55','2018-10-29 18:35:55',82,'音效师','销售出现起来不断图片结果搜索.','1-3年','大专以上',6000,9000,'江苏省',NULL,'研究 完成 无法',1,1,9),('2018-10-29 18:35:55','2018-10-29 18:35:55',83,'发型助理/学徒','等级分析规定他的.','1年以上','大专以上',5000,9000,'黑龍江省',NULL,'设备 美国 一般',1,1,9),('2018-10-29 18:35:55','2018-10-29 18:35:55',84,'数控编程','投资作者登录.','1年以上','本科以上',6000,8000,'河北省',NULL,'销售 生活 不过',1,1,9),('2018-10-29 18:35:55','2018-10-29 18:35:55',85,'泰语翻译','我们品牌发布分析注册.','1年以上','硕士以上',2000,10000,'山东省',NULL,'一起 通过 不是',1,1,9),('2018-10-29 18:35:55','2018-10-29 18:35:55',86,'夹具工程师/技师','对于他们行业因为这样起来市场.','3-5年','本科以上',3000,9000,'贵州省',NULL,'文件 如果 正在',1,1,9),('2018-10-29 18:35:55','2018-10-29 18:35:55',87,'公路/桥梁/港口/隧道工程','当然他们一起那么历史今天研究.','1年以上','大专以上',2000,8000,'四川省',NULL,'主题 活动 记者',1,1,9),('2018-10-29 18:35:55','2018-10-29 18:35:55',88,'珠宝销售顾问','还是为了你的查看您的更新.','无经验','大专以上',5000,7000,'江苏省',NULL,'一起 标题 社会',1,1,9),('2018-10-29 18:35:55','2018-10-29 18:35:55',89,'激光/光电子技术','资源所以资料次数说明.','1年以上','大专以上',2000,10000,'吉林省',NULL,'公司 无法 一些',1,1,9),('2018-10-29 18:35:55','2018-10-29 18:35:55',90,'集装箱业务','有些他们手机过程.','3-5年','本科以上',5000,9000,'青海省',NULL,'地方 有限 资源',1,1,9),('2018-10-29 18:35:55','2018-10-29 18:35:55',91,'综合门诊/全科医生','能力能力音乐国际.','无经验','本科以上',5000,10000,'云南省',NULL,'那些 一下 正在',1,1,10),('2018-10-29 18:35:55','2018-10-29 18:35:55',92,'公司业务部门经理/主管','状态不过她的完全阅读解决大学.','1-3年','硕士以上',6000,9000,'青海省',NULL,'需要 这里 发布',1,1,10),('2018-10-29 18:35:55','2018-10-29 18:35:55',93,'激光/光电子技术','参加深圳发现威望提高.','1-3年','大专以上',3000,10000,'湖北省',NULL,'完成 手机 情况',1,1,10),('2018-10-29 18:35:55','2018-10-29 18:35:55',94,'证券/期货/外汇经纪人','网上名称当然选择不断怎么自己注意.','1年以上','大专以上',2000,10000,'广西壮族自治区',NULL,'这种 报告 因此',1,1,10),('2018-10-29 18:35:55','2018-10-29 18:35:55',95,'医药销售人员','有限学校他的只有点击您的.','无经验','本科以上',2000,9000,'陕西省',NULL,'成为 孩子 都是',1,1,10),('2018-10-29 18:35:55','2018-10-29 18:35:55',96,'行政总监','她的公司积分一种工具.','1-3年','硕士以上',2000,8000,'湖北省',NULL,'制作 谢谢 标题',1,1,10),('2018-10-29 18:35:55','2018-10-29 18:35:55',97,'影视/媒体','希望特别完成觉得.','3-5年','硕士以上',6000,10000,'新疆维吾尔自治区',NULL,'而且 开发 你的',1,1,10),('2018-10-29 18:35:55','2018-10-29 18:35:55',98,'其他','数据点击行业虽然方法进入.','1年以上','大专以上',3000,8000,'新疆维吾尔自治区',NULL,'商品 为了 更新',1,1,10),('2018-10-29 18:35:55','2018-10-29 18:35:55',99,'中医科医生','东西今年国际不断是否世界更多.','1-3年','本科以上',5000,10000,'辽宁省',NULL,'方面 之后 合作',1,1,10),('2018-10-29 18:35:55','2018-10-29 18:35:55',100,'FAE 现场应用工程师','一样阅读一样设计出现原因.','无经验','硕士以上',6000,7000,'云南省',NULL,'汽车 怎么 电影',1,1,10),('2018-10-29 18:35:55','2018-10-29 18:35:55',101,'其他','质量会员更新文件游戏.','1-3年','大专以上',3000,10000,'黑龍江省',NULL,'搜索 孩子 工程',1,1,11),('2018-10-29 18:35:55','2018-10-29 18:35:55',102,'渠道/分销专员','提高全部资源安全国家.','3-5年','硕士以上',6000,7000,'河南省',NULL,'现在 分析 研究',1,1,11),('2018-10-29 18:35:55','2018-10-29 18:35:55',103,'市场/营销/拓展专员','到了出现时间使用.','无经验','硕士以上',5000,7000,'辽宁省',NULL,'介绍 认为 主题',1,1,11),('2018-10-29 18:35:55','2018-10-29 18:35:55',104,'银行','发展决定全国关系显示.','1年以上','大专以上',5000,8000,'甘肃省',NULL,'电影 用户 单位',1,1,11),('2018-10-29 18:35:55','2018-10-29 18:35:55',105,'理疗师','中国客户很多学生免费实现下载无法.','1-3年','大专以上',5000,10000,'山西省',NULL,'非常 因此 文件',1,1,11),('2018-10-29 18:35:55','2018-10-29 18:35:55',106,'注塑工','工作开始以及为了不过经验朋友.','1-3年','硕士以上',3000,8000,'湖南省',NULL,'说明 论坛 情况',1,1,11),('2018-10-29 18:35:55','2018-10-29 18:35:55',107,'经销商','积分各种介绍方面.','1年以上','本科以上',5000,8000,'贵州省',NULL,'完成 也是 决定',1,1,11),('2018-10-29 18:35:55','2018-10-29 18:35:55',108,'物流总监','商品公司最后最大.','3-5年','大专以上',3000,7000,'山西省',NULL,'不过 可以 客户',1,1,11),('2018-10-29 18:35:55','2018-10-29 18:35:55',109,'融资经理/融资主管','学校报告开发是否的人.','1-3年','本科以上',5000,9000,'新疆维吾尔自治区',NULL,'一个 部门 大学',1,1,11),('2018-10-29 18:35:55','2018-10-29 18:35:55',110,'化验员','时候学校为了那些商品一点这些.','无经验','硕士以上',2000,10000,'西藏自治区',NULL,'组织 等级 主要',1,1,11),('2018-10-29 18:35:55','2018-10-29 18:35:55',111,'财务主管/总账主管','科技文件说明来源.','1-3年','本科以上',5000,8000,'山东省',NULL,'这样 时间 由于',1,1,12),('2018-10-29 18:35:55','2018-10-29 18:35:55',112,'保险电销','功能国内一次.','3-5年','大专以上',6000,9000,'西藏自治区',NULL,'网络 完成 一次',1,1,12),('2018-10-29 18:35:55','2018-10-29 18:35:55',113,'其他','浏览阅读拥有起来还有需要.','无经验','大专以上',5000,7000,'陕西省',NULL,'成为 当前 网络',1,1,12),('2018-10-29 18:35:55','2018-10-29 18:35:55',114,'生产领班/组长','作者一个有些一般电子.','无经验','本科以上',5000,8000,'新疆维吾尔自治区',NULL,'点击 控制 责任',1,1,12),('2018-10-29 18:35:55','2018-10-29 18:35:55',115,'其他','留言当前当前大小.','1-3年','本科以上',2000,10000,'辽宁省',NULL,'起来 这样 搜索',1,1,12),('2018-10-29 18:35:55','2018-10-29 18:35:55',116,'手机软件开发工程师','详细在线一直你们.','无经验','大专以上',5000,7000,'福建省',NULL,'空间 不能 的人',1,1,12),('2018-10-29 18:35:55','2018-10-29 18:35:55',117,'高级客户经理/客户经理','北京报告人民设计组织以下以下.','1年以上','硕士以上',5000,7000,'青海省',NULL,'增加 管理 男人',1,1,12),('2018-10-29 18:35:55','2018-10-29 18:35:55',118,'电力线路工','只是组织完全大家一个.','无经验','大专以上',3000,8000,'河北省',NULL,'搜索 客户 人员',1,1,12),('2018-10-29 18:35:55','2018-10-29 18:35:55',119,'陈列员','责任组织音乐.','3-5年','硕士以上',2000,9000,'浙江省',NULL,'主要 方面 点击',1,1,12),('2018-10-29 18:35:55','2018-10-29 18:35:55',120,'薪资福利专员/助理','回复新闻科技.','无经验','硕士以上',6000,10000,'宁夏回族自治区',NULL,'那么 看到 地址',1,1,12),('2018-10-29 18:35:55','2018-10-29 18:35:55',121,'生产/营运','什么那些今年.','3-5年','大专以上',2000,10000,'广东省',NULL,'介绍 觉得 说明',1,1,13),('2018-10-29 18:35:55','2018-10-29 18:35:55',122,'其他','成功其他系列一样.','1-3年','大专以上',6000,10000,'河北省',NULL,'主要 虽然 类型',1,1,13),('2018-10-29 18:35:55','2018-10-29 18:35:55',123,'锅炉工','什么进行什么发生计划不能中国.','1-3年','本科以上',6000,9000,'宁夏回族自治区',NULL,'发表 而且 感觉',1,1,13),('2018-10-29 18:35:55','2018-10-29 18:35:55',124,'裁剪工','他的中国国家下载个人.','无经验','大专以上',6000,8000,'辽宁省',NULL,'系统 中国 比较',1,1,13),('2018-10-29 18:35:55','2018-10-29 18:35:55',125,'物业管理','企业城市当然记者投资一次不过汽车.','1年以上','大专以上',6000,7000,'浙江省',NULL,'网站 到了 控制',1,1,13),('2018-10-29 18:35:55','2018-10-29 18:35:55',126,'其他','可能男人来源名称包括.','无经验','大专以上',2000,8000,'广东省',NULL,'表示 很多 为了',1,1,13),('2018-10-29 18:35:55','2018-10-29 18:35:55',127,'农/林/牧/渔','自己人员全部任何到了进行加入注册.','3-5年','硕士以上',2000,8000,'江苏省',NULL,'简介 需要 那么',1,1,13),('2018-10-29 18:35:55','2018-10-29 18:35:55',128,'其他','就是密码部分查看.','3-5年','大专以上',2000,8000,'河北省',NULL,'一定 不要 主要',1,1,13),('2018-10-29 18:35:55','2018-10-29 18:35:55',129,'激光/光电子技术','来自经济如何汽车有限浏览.','1年以上','本科以上',6000,9000,'吉林省',NULL,'他们 重要 决定',1,1,13),('2018-10-29 18:35:55','2018-10-29 18:35:55',130,'电力工程师/技术员','自己生活等级一定日期大小.','1年以上','大专以上',5000,8000,'宁夏回族自治区',NULL,'生活 评论 以下',1,1,13),('2018-10-29 18:35:55','2018-10-29 18:35:55',131,'项目工程师','设计更多国际作为很多.','1年以上','硕士以上',2000,8000,'西藏自治区',NULL,'广告 觉得 知道',1,1,14),('2018-10-29 18:35:55','2018-10-29 18:35:55',132,'有线传输工程师','北京介绍本站不是论坛之后那么.','3-5年','硕士以上',5000,8000,'福建省',NULL,'正在 其他 不能',1,1,14),('2018-10-29 18:35:55','2018-10-29 18:35:55',133,'证券分析师','一样论坛中国类型业务谢谢客户发展.','1年以上','硕士以上',2000,9000,'江西省',NULL,'任何 新闻 位置',1,1,14),('2018-10-29 18:35:55','2018-10-29 18:35:55',134,'投诉专员','完成一切资源比较之间操作.','1年以上','本科以上',5000,8000,'江苏省',NULL,'制作 日期 信息',1,1,14),('2018-10-29 18:35:56','2018-10-29 18:35:56',135,'SPA 技师','一直来自经营会员要求可以之间.','1年以上','大专以上',3000,8000,'安徽省',NULL,'一般 可是 以及',1,1,14),('2018-10-29 18:35:56','2018-10-29 18:35:56',136,'建筑安装施工员','企业历史只要查看.','1年以上','硕士以上',3000,8000,'福建省',NULL,'工具 城市 这些',1,1,14),('2018-10-29 18:35:56','2018-10-29 18:35:56',137,'理货员','经营方式来自中文不要介绍.','1-3年','本科以上',3000,8000,'黑龍江省',NULL,'登录 自己 网络',1,1,14),('2018-10-29 18:35:56','2018-10-29 18:35:56',138,'模具工程师','以后各种一些孩子为了感觉.','1年以上','硕士以上',5000,9000,'湖南省',NULL,'方式 有限 作品',1,1,14),('2018-10-29 18:35:56','2018-10-29 18:35:56',139,'防损员/内保','谢谢欢迎原因处理.','1年以上','本科以上',3000,7000,'四川省',NULL,'学习 问题 他的',1,1,14),('2018-10-29 18:35:56','2018-10-29 18:35:56',140,'供应链主管/专员','威望怎么人民标题特别汽车.','无经验','大专以上',5000,8000,'辽宁省',NULL,'新闻 决定 网站',1,1,14),('2018-10-29 18:35:56','2018-10-29 18:35:56',141,'电镀工','已经世界有限说明为了.','1年以上','硕士以上',3000,9000,'宁夏回族自治区',NULL,'朋友 发布 点击',1,1,15),('2018-10-29 18:35:56','2018-10-29 18:35:56',142,'生产经理/车间主任','不是由于分析我的.','1-3年','大专以上',2000,9000,'宁夏回族自治区',NULL,'事情 到了 解决',1,1,15),('2018-10-29 18:35:56','2018-10-29 18:35:56',143,'外语培训师','来源控制威望表示不会以后必须.','1年以上','大专以上',5000,7000,'河北省',NULL,'音乐 电脑 认为',1,1,15),('2018-10-29 18:35:56','2018-10-29 18:35:56',144,'认证工程师','图片人民正在一般今天.','3-5年','大专以上',5000,10000,'西藏自治区',NULL,'一直 因为 自己',1,1,15),('2018-10-29 18:35:56','2018-10-29 18:35:56',145,'保险内勤','密码发展一下而且可能是否科技.','1年以上','大专以上',6000,9000,'山东省',NULL,'作为 法律 全国',1,1,15),('2018-10-29 18:35:56','2018-10-29 18:35:56',146,'网店美工','质量那个城市学习两个制作今年.','1-3年','本科以上',3000,9000,'西藏自治区',NULL,'应该 研究 时候',1,1,15),('2018-10-29 18:35:56','2018-10-29 18:35:56',147,'服装领班','说明这是那个计划原因网络电脑.','1年以上','本科以上',3000,7000,'安徽省',NULL,'名称 因此 发展',1,1,15),('2018-10-29 18:35:56','2018-10-29 18:35:56',148,'打稿机操作员','开发的人地区一直一些作品发现.','无经验','本科以上',2000,7000,'吉林省',NULL,'研究 需要 为了',1,1,15),('2018-10-29 18:35:56','2018-10-29 18:35:56',149,'磨工','网上然后人员过程能够当前可是.','1-3年','本科以上',6000,9000,'辽宁省',NULL,'知道 推荐 不断',1,1,15),('2018-10-29 18:35:56','2018-10-29 18:35:56',150,'市场企划专员','应该搜索要求知道标准威望.','1年以上','大专以上',2000,7000,'西藏自治区',NULL,'等级 浏览 这样',1,1,15),('2018-10-29 18:35:56','2018-10-29 18:35:56',151,'出租车司机','使用控制一定谢谢学校进入积分更新.','1年以上','本科以上',6000,10000,'甘肃省',NULL,'完成 一直 质量',1,1,16),('2018-10-29 18:35:56','2018-10-29 18:35:56',152,'发型师','之间内容不是发布希望开始.','无经验','本科以上',5000,8000,'内蒙古自治区',NULL,'使用 发表 方式',1,1,16),('2018-10-29 18:35:56','2018-10-29 18:35:56',153,'用户体验（UE/UX）设计师','下载一种需要完成还有.','3-5年','大专以上',2000,7000,'海南省',NULL,'加入 任何 业务',1,1,16),('2018-10-29 18:35:56','2018-10-29 18:35:56',154,'注塑工','公司国家具有女人.','无经验','硕士以上',3000,8000,'新疆维吾尔自治区',NULL,'制作 具有 汽车',1,1,16),('2018-10-29 18:35:56','2018-10-29 18:35:56',155,'美容培训师/导师','经验搜索使用.','3-5年','大专以上',3000,8000,'江苏省',NULL,'是一 阅读 时间',1,1,16),('2018-10-29 18:35:56','2018-10-29 18:35:56',156,'代驾','部分当然电影次数手机当然.','1年以上','硕士以上',2000,8000,'山东省',NULL,'网上 社区 一个',1,1,16),('2018-10-29 18:35:56','2018-10-29 18:35:56',157,'吊车司机','不要报告而且行业.','1年以上','硕士以上',5000,10000,'山东省',NULL,'企业 资料 关于',1,1,16),('2018-10-29 18:35:56','2018-10-29 18:35:56',158,'培训督导','所以由于公司.','1-3年','本科以上',6000,7000,'贵州省',NULL,'下载 当前 这是',1,1,16),('2018-10-29 18:35:56','2018-10-29 18:35:56',159,'麻醉医生','结果只要发布部门通过.','1-3年','硕士以上',3000,8000,'福建省',NULL,'全部 全部 服务',1,1,16),('2018-10-29 18:35:56','2018-10-29 18:35:56',160,'法务助理','然后浏览专业生产.','3-5年','大专以上',5000,9000,'内蒙古自治区',NULL,'经验 开发 名称',1,1,16),('2018-10-29 18:35:56','2018-10-29 18:35:56',161,'高级软件工程师','文件主题图片介绍一点.','3-5年','大专以上',5000,8000,'河南省',NULL,'你们 对于 控制',1,1,17),('2018-10-29 18:35:56','2018-10-29 18:35:56',162,'工程/设备经理','经济最后提高活动或者免费之间.','3-5年','本科以上',2000,7000,'山西省',NULL,'学生 技术 联系',1,1,17),('2018-10-29 18:35:56','2018-10-29 18:35:56',163,'其他','语言电脑支持标题报告更新.','1-3年','大专以上',6000,10000,'广东省',NULL,'记者 管理 威望',1,1,17),('2018-10-29 18:35:56','2018-10-29 18:35:56',164,'客运司机','来自业务大小当前.','1年以上','硕士以上',2000,7000,'青海省',NULL,'部分 在线 帮助',1,1,17),('2018-10-29 18:35:56','2018-10-29 18:35:56',165,'安防主管','选择特别希望.','1年以上','大专以上',2000,8000,'宁夏回族自治区',NULL,'方面 电子 参加',1,1,17),('2018-10-29 18:35:56','2018-10-29 18:35:56',166,'产品工艺/制程工程师','她的可以正在的话.','3-5年','硕士以上',6000,8000,'辽宁省',NULL,'那么 也是 文化',1,1,17),('2018-10-29 18:35:56','2018-10-29 18:35:56',167,'硬件工程师','一起到了希望您的文件只要因为.','1年以上','大专以上',6000,7000,'江西省',NULL,'国家 软件 推荐',1,1,17),('2018-10-29 18:35:56','2018-10-29 18:35:56',168,'产品总监','注意简介就是支持空间安全.','1年以上','本科以上',2000,8000,'吉林省',NULL,'计划 积分 比较',1,1,17),('2018-10-29 18:35:56','2018-10-29 18:35:56',169,'主播/主持人','国内来自其中当然为什.','无经验','大专以上',6000,9000,'江苏省',NULL,'进行 管理 还是',1,1,17),('2018-10-29 18:35:56','2018-10-29 18:35:56',170,'结构/土木/土建工程师','拥有一次通过产品一些.','3-5年','本科以上',5000,7000,'湖南省',NULL,'帮助 搜索 操作',1,1,17),('2018-10-29 18:35:56','2018-10-29 18:35:56',171,'培训助理','解决全国推荐电脑资源这是.','3-5年','本科以上',2000,9000,'福建省',NULL,'电子 现在 孩子',1,1,18),('2018-10-29 18:35:56','2018-10-29 18:35:56',172,'房地产中介/置业顾问','谢谢开始谢谢工具推荐.','1-3年','硕士以上',5000,7000,'湖北省',NULL,'科技 学习 继续',1,1,18),('2018-10-29 18:35:56','2018-10-29 18:35:56',173,'压痕工','以及能力全国欢迎今年.','3-5年','大专以上',2000,10000,'贵州省',NULL,'国内 说明 一般',1,1,18),('2018-10-29 18:35:56','2018-10-29 18:35:56',174,'安防系统工程师','支持登录系统地址觉得.','3-5年','本科以上',2000,10000,'湖北省',NULL,'教育 他的 同时',1,1,18),('2018-10-29 18:35:56','2018-10-29 18:35:56',175,'其他','您的自己原因推荐下载重要.','1-3年','大专以上',3000,7000,'河北省',NULL,'经营 地区 注册',1,1,18),('2018-10-29 18:35:56','2018-10-29 18:35:56',176,'网络/在线客服','过程上海详细一直重要日本.','1-3年','大专以上',3000,7000,'湖北省',NULL,'投资 一个 中国',1,1,18),('2018-10-29 18:35:56','2018-10-29 18:35:56',177,'外科医生','控制中国来自全国工程品牌.','1年以上','硕士以上',3000,10000,'宁夏回族自治区',NULL,'提高 的话 资料',1,1,18),('2018-10-29 18:35:56','2018-10-29 18:35:56',178,'注塑工程师/技师','搜索那个广告发表标题.','1-3年','本科以上',3000,10000,'河南省',NULL,'最后 网络 如果',1,1,18),('2018-10-29 18:35:56','2018-10-29 18:35:56',179,'艺术/设计','大小控制看到论坛比较.','1-3年','硕士以上',3000,8000,'广西壮族自治区',NULL,'空间 文化 质量',1,1,18),('2018-10-29 18:35:56','2018-10-29 18:35:56',180,'海关事务管理','各种设备设备这里经验之后中国留言.','3-5年','大专以上',5000,9000,'吉林省',NULL,'中心 为什 他的',1,1,18),('2018-10-29 18:35:56','2018-10-29 18:35:56',181,'SPA 技师','的话公司来自怎么报告专业正在制作.','1年以上','硕士以上',6000,10000,'广西壮族自治区',NULL,'本站 全部 城市',1,1,19),('2018-10-29 18:35:56','2018-10-29 18:35:56',182,'契约管理','一样计划两个.','1年以上','硕士以上',5000,7000,'新疆维吾尔自治区',NULL,'服务 工具 组织',1,1,19),('2018-10-29 18:35:56','2018-10-29 18:35:56',183,'公务员','密码密码下载感觉.','1-3年','大专以上',6000,10000,'宁夏回族自治区',NULL,'经济 一般 文件',1,1,19),('2018-10-29 18:35:56','2018-10-29 18:35:56',184,'银行柜员','功能喜欢日本等级数据开始.','1年以上','本科以上',5000,9000,'福建省',NULL,'用户 软件 方法',1,1,19),('2018-10-29 18:35:56','2018-10-29 18:35:56',185,'数控操机','留言详细之间首页建设目前名称.','无经验','硕士以上',2000,7000,'吉林省',NULL,'完成 次数 当前',1,1,19),('2018-10-29 18:35:56','2018-10-29 18:35:56',186,'样衣工','重要特别空间原因留言.','无经验','硕士以上',5000,7000,'河北省',NULL,'继续 活动 自己',1,1,19),('2018-10-29 18:35:56','2018-10-29 18:35:56',187,'其他','就是密码用户一下.','1年以上','大专以上',2000,10000,'贵州省',NULL,'投资 知道 最大',1,1,19),('2018-10-29 18:35:56','2018-10-29 18:35:56',188,'缝纫工','是一北京但是现在只是一样.','3-5年','本科以上',6000,7000,'青海省',NULL,'如此 网络 出来',1,1,19),('2018-10-29 18:35:56','2018-10-29 18:35:56',189,'房地产资产管理','增加全国加入参加作品质量注册大小.','无经验','大专以上',5000,7000,'海南省',NULL,'详细 决定 世界',1,1,19),('2018-10-29 18:35:56','2018-10-29 18:35:56',190,'项目总监','系列自己其他但是一种位置世界.','1-3年','大专以上',5000,7000,'吉林省',NULL,'结果 工程 那个',1,1,19),('2018-10-29 18:35:56','2018-10-29 18:35:56',191,'数码直印/菲林输出','事情发布组织应用.','1年以上','本科以上',6000,7000,'湖北省',NULL,'学生 一个 学校',1,1,20),('2018-10-29 18:35:56','2018-10-29 18:35:56',192,'药品市场推广经理','一切两个中心为什功能信息那么.','3-5年','硕士以上',6000,7000,'福建省',NULL,'如何 发生 地方',1,1,20),('2018-10-29 18:35:56','2018-10-29 18:35:56',193,'奢侈品业务','之后包括生活.','无经验','大专以上',3000,7000,'河北省',NULL,'完成 一个 北京',1,1,20),('2018-10-29 18:35:56','2018-10-29 18:35:56',194,'店长/经理','制作公司商品基本拥有.','1-3年','本科以上',3000,9000,'陕西省',NULL,'合作 以下 我的',1,1,20),('2018-10-29 18:35:56','2018-10-29 18:35:56',195,'规划与设计','一切情况北京系列时间.','1-3年','本科以上',2000,9000,'吉林省',NULL,'女人 不是 发生',1,1,20),('2018-10-29 18:35:56','2018-10-29 18:35:56',196,'培训产品开发','一种一样知道以上单位.','无经验','硕士以上',5000,8000,'黑龍江省',NULL,'对于 位置 他的',1,1,20),('2018-10-29 18:35:56','2018-10-29 18:35:56',197,'医疗器械注册','地区准备这些无法.','3-5年','硕士以上',6000,7000,'内蒙古自治区',NULL,'比较 加入 评论',1,1,20),('2018-10-29 18:35:56','2018-10-29 18:35:56',198,'企业策划人员','已经详细的话大家.','1-3年','本科以上',5000,10000,'山西省',NULL,'可能 来自 公司',1,1,20),('2018-10-29 18:35:56','2018-10-29 18:35:56',199,'人事经理','如此一个当前.','3-5年','硕士以上',6000,8000,'江苏省',NULL,'详细 可是 能够',1,1,20),('2018-10-29 18:35:56','2018-10-29 18:35:56',200,'固定资产会计','日期状态一般不要.','1-3年','硕士以上',5000,7000,'湖南省',NULL,'世界 次数 工程',1,1,20),('2018-10-29 18:35:56','2018-10-29 18:35:56',201,'测试员','解决深圳到了设备一点责任.','1年以上','硕士以上',6000,8000,'广东省',NULL,'产品 这样 不断',1,1,21),('2018-10-29 18:35:56','2018-10-29 18:35:56',202,'情报信息分析人员','继续密码当前重要基本.','无经验','本科以上',2000,7000,'西藏自治区',NULL,'他们 制作 业务',1,1,21),('2018-10-29 18:35:56','2018-10-29 18:35:56',203,'招聘经理/主管','在线下载他的相关.','3-5年','本科以上',3000,10000,'江西省',NULL,'使用 同时 功能',1,1,21),('2018-10-29 18:35:56','2018-10-29 18:35:56',204,'其他','价格就是不能参加计划参加行业.','1-3年','大专以上',3000,9000,'山东省',NULL,'出来 关系 全部',1,1,21),('2018-10-29 18:35:56','2018-10-29 18:35:56',205,'项目总监','地址类型发现状态以后看到.','1年以上','硕士以上',6000,9000,'内蒙古自治区',NULL,'可是 行业 注册',1,1,21),('2018-10-29 18:35:56','2018-10-29 18:35:56',206,'移动通信工程师','推荐非常电影以及.','3-5年','本科以上',6000,7000,'辽宁省',NULL,'过程 社会 详细',1,1,21),('2018-10-29 18:35:56','2018-10-29 18:35:56',207,'资金专员','一定信息使用活动.','1年以上','本科以上',3000,8000,'辽宁省',NULL,'国家 会员 以后',1,1,21),('2018-10-29 18:35:56','2018-10-29 18:35:56',208,'行政主厨/厨师长','之间因此环境.','1-3年','大专以上',3000,10000,'陕西省',NULL,'系统 学习 虽然',1,1,21),('2018-10-29 18:35:56','2018-10-29 18:35:56',209,'清算人员','免费由于起来品牌更新技术.','1年以上','本科以上',2000,7000,'西藏自治区',NULL,'虽然 特别 分析',1,1,21),('2018-10-29 18:35:56','2018-10-29 18:35:56',210,'机场代表','继续个人不要会员为了.','3-5年','本科以上',5000,10000,'云南省',NULL,'来源 其他 在线',1,1,21),('2018-10-29 18:35:56','2018-10-29 18:35:56',211,'中医科医生','需要工作内容留言.','1-3年','硕士以上',6000,10000,'内蒙古自治区',NULL,'经验 能力 建设',1,1,22),('2018-10-29 18:35:56','2018-10-29 18:35:56',212,'阿拉伯语翻译','制作结果学校我们资源不要大家.','无经验','本科以上',3000,10000,'浙江省',NULL,'全国 只要 相关',1,1,22),('2018-10-29 18:35:56','2018-10-29 18:35:56',213,'其他','客户大小城市的话.','3-5年','大专以上',2000,8000,'湖北省',NULL,'应用 软件 大学',1,1,22),('2018-10-29 18:35:56','2018-10-29 18:35:56',214,'渠道/分销经理','学习工程法律不能留言以及或者.','1-3年','大专以上',5000,10000,'宁夏回族自治区',NULL,'知道 是一 还有',1,1,22),('2018-10-29 18:35:56','2018-10-29 18:35:56',215,'产品/品牌经理','设计准备类别起来实现全国.','3-5年','硕士以上',2000,7000,'江苏省',NULL,'要求 文化 是一',1,1,22),('2018-10-29 18:35:56','2018-10-29 18:35:56',216,'讲师/助教','论坛记者规定已经我们.','1年以上','硕士以上',5000,7000,'吉林省',NULL,'过程 一定 起来',1,1,22),('2018-10-29 18:35:56','2018-10-29 18:35:56',217,'地勤人员','事情中文标题研究.','无经验','硕士以上',5000,10000,'辽宁省',NULL,'地区 一下 为什',1,1,22),('2018-10-29 18:35:56','2018-10-29 18:35:56',218,'互联网软件开发工程师','今年联系朋友汽车文化以后以及.','3-5年','大专以上',5000,9000,'山东省',NULL,'使用 以下 更新',1,1,22),('2018-10-29 18:35:56','2018-10-29 18:35:56',219,'钻工','发布方法手机各种帖子那些只是.','1-3年','大专以上',3000,10000,'广东省',NULL,'经验 一定 内容',1,1,22),('2018-10-29 18:35:56','2018-10-29 18:35:56',220,'采购材料、设备质量管理','语言其实加入商品比较.','1-3年','本科以上',5000,9000,'湖北省',NULL,'那些 得到 状态',1,1,22),('2018-10-29 18:35:56','2018-10-29 18:35:56',221,'艺术指导/舞台美术设计','以上免费内容那么.','3-5年','硕士以上',2000,8000,'云南省',NULL,'得到 地址 拥有',1,1,23),('2018-10-29 18:35:56','2018-10-29 18:35:56',222,'客户关系经理/主管','时候推荐的是.','无经验','大专以上',3000,10000,'江西省',NULL,'精华 任何 工具',1,1,23),('2018-10-29 18:35:56','2018-10-29 18:35:56',223,'选址拓展/新店开发','可能今天的人.','3-5年','硕士以上',3000,7000,'宁夏回族自治区',NULL,'公司 具有 网站',1,1,23),('2018-10-29 18:35:56','2018-10-29 18:35:56',224,'原画师','一种留言还是文化.','1年以上','硕士以上',3000,7000,'河南省',NULL,'最大 管理 什么',1,1,23),('2018-10-29 18:35:56','2018-10-29 18:35:56',225,'配色工','点击加入情况一种没有.','1-3年','本科以上',5000,7000,'甘肃省',NULL,'显示 美国 欢迎',1,1,23),('2018-10-29 18:35:56','2018-10-29 18:35:56',226,'工程/机械/能源','主要实现控制这是更多登录一点然后.','无经验','硕士以上',5000,10000,'浙江省',NULL,'其实 大学 设备',1,1,23),('2018-10-29 18:35:56','2018-10-29 18:35:56',227,'裱胶工','注意提高比较开始.','3-5年','大专以上',6000,7000,'西藏自治区',NULL,'公司 语言 也是',1,1,23),('2018-10-29 18:35:56','2018-10-29 18:35:56',228,'买手','电子人员首页网站人民.','无经验','本科以上',2000,8000,'云南省',NULL,'一样 电话 包括',1,1,23),('2018-10-29 18:35:56','2018-10-29 18:35:56',229,'缝纫工','方法责任男人之后.','无经验','本科以上',3000,8000,'四川省',NULL,'增加 什么 那么',1,1,23),('2018-10-29 18:35:56','2018-10-29 18:35:56',230,'ERP实施顾问','更新下载必须上海电话学校.','3-5年','大专以上',5000,10000,'贵州省',NULL,'图片 一直 计划',1,1,23),('2018-10-29 18:35:56','2018-10-29 18:35:56',231,'广告创意总监','但是起来只要单位一个.','1-3年','本科以上',5000,10000,'陕西省',NULL,'功能 只是 人员',1,1,24),('2018-10-29 18:35:56','2018-10-29 18:35:56',232,'泰语翻译','功能虽然最大一般非常.','1-3年','本科以上',2000,10000,'山东省',NULL,'环境 欢迎 拥有',1,1,24),('2018-10-29 18:35:56','2018-10-29 18:35:56',233,'西点师/面包糕点加工','不过正在组织信息.','无经验','硕士以上',2000,8000,'河南省',NULL,'主要 一起 资料',1,1,24),('2018-10-29 18:35:56','2018-10-29 18:35:56',234,'团购业务员','其他已经个人比较感觉实现.','1-3年','本科以上',5000,7000,'辽宁省',NULL,'之后 包括 专业',1,1,24),('2018-10-29 18:35:56','2018-10-29 18:35:56',235,'计量工程师','威望参加产品城市报告.','无经验','本科以上',2000,10000,'湖北省',NULL,'提高 文件 参加',1,1,24),('2018-10-29 18:35:56','2018-10-29 18:35:56',236,'文档工程师','我的感觉基本如何得到一些产品.','1年以上','大专以上',2000,7000,'甘肃省',NULL,'品牌 名称 注意',1,1,24),('2018-10-29 18:35:56','2018-10-29 18:35:56',237,'按摩','为什政府一个设备因此.','无经验','本科以上',5000,9000,'海南省',NULL,'等级 美国 支持',1,1,24),('2018-10-29 18:35:56','2018-10-29 18:35:56',238,'食品/饮料研发','主要登录是一开始决定.','1年以上','大专以上',2000,9000,'江西省',NULL,'继续 现在 你的',1,1,24),('2018-10-29 18:35:56','2018-10-29 18:35:56',239,'体系工程师','什么当前怎么全部.','1-3年','本科以上',3000,9000,'安徽省',NULL,'应该 不是 下载',1,1,24),('2018-10-29 18:35:56','2018-10-29 18:35:56',240,'人力资源','影响质量没有功能是否.','无经验','大专以上',3000,7000,'贵州省',NULL,'人员 设备 的人',1,1,24),('2018-10-29 18:35:56','2018-10-29 18:35:56',241,'印刷排版/制版','手机发生正在成功是一具有.','3-5年','大专以上',2000,9000,'广东省',NULL,'记者 目前 社会',1,1,25),('2018-10-29 18:35:56','2018-10-29 18:35:56',242,'炼胶工','资源中文决定其中.','3-5年','本科以上',2000,7000,'四川省',NULL,'安全 显示 首页',1,1,25),('2018-10-29 18:35:56','2018-10-29 18:35:56',243,'舞蹈演员','参加日期价格下载.','无经验','本科以上',2000,7000,'西藏自治区',NULL,'关系 文化 专业',1,1,25),('2018-10-29 18:35:56','2018-10-29 18:35:56',244,'传菜主管','到了更多影响中心全国包括政府.','1-3年','本科以上',5000,8000,'河北省',NULL,'比较 合作 不要',1,1,25),('2018-10-29 18:35:56','2018-10-29 18:35:56',245,'市场/营销','只要设计完成虽然数据.','1年以上','本科以上',6000,7000,'贵州省',NULL,'直接 经营 提供',1,1,25),('2018-10-29 18:35:56','2018-10-29 18:35:56',246,'建筑设计师','经营因为显示下载要求.','3-5年','本科以上',6000,9000,'辽宁省',NULL,'首页 经验 女人',1,1,25),('2018-10-29 18:35:56','2018-10-29 18:35:56',247,'德语翻译','什么两个关于一切语言问题.','无经验','硕士以上',6000,7000,'辽宁省',NULL,'图片 关系 日期',1,1,25),('2018-10-29 18:35:56','2018-10-29 18:35:56',248,'韩语/朝鲜语翻译','人员广告汽车帮助.','3-5年','本科以上',6000,10000,'山东省',NULL,'内容 法律 这么',1,1,25),('2018-10-29 18:35:56','2018-10-29 18:35:56',249,'房地产开发','选择设计所以现在.','3-5年','硕士以上',5000,8000,'湖北省',NULL,'实现 大小 使用',1,1,25),('2018-10-29 18:35:56','2018-10-29 18:35:56',250,'房地产投资分析','我们当然精华最大.','1年以上','本科以上',3000,9000,'广西壮族自治区',NULL,'标题 的人 您的',1,1,25),('2018-10-29 18:35:57','2018-10-29 18:35:57',251,'电话采编','位置积分但是感觉以及帖子系列.','1-3年','大专以上',3000,7000,'西藏自治区',NULL,'文件 觉得 这是',1,1,26),('2018-10-29 18:35:57','2018-10-29 18:35:57',252,'麻醉医生','你们名称一样不能.','1-3年','本科以上',2000,9000,'山西省',NULL,'继续 这个 所以',1,1,26),('2018-10-29 18:35:57','2018-10-29 18:35:57',253,'测试员','部门推荐起来有些现在中国不同.','1-3年','硕士以上',5000,9000,'山西省',NULL,'市场 决定 什么',1,1,26),('2018-10-29 18:35:57','2018-10-29 18:35:57',254,'售前/售后技术支持主管','管理作者以上我的积分工程当前.','3-5年','本科以上',5000,10000,'四川省',NULL,'作为 时候 不会',1,1,26),('2018-10-29 18:35:57','2018-10-29 18:35:57',255,'施工开料工','日期非常本站知道广告发布.','无经验','本科以上',3000,10000,'云南省',NULL,'你们 一些 朋友',1,1,26),('2018-10-29 18:35:57','2018-10-29 18:35:57',256,'培训策划','密码而且进行也是专业.','3-5年','大专以上',5000,7000,'广东省',NULL,'类型 部门 日本',1,1,26),('2018-10-29 18:35:57','2018-10-29 18:35:57',257,'面点师','注册全国经济登录业务的话如何.','1-3年','硕士以上',3000,9000,'江苏省',NULL,'文章 东西 有关',1,1,26),('2018-10-29 18:35:57','2018-10-29 18:35:57',258,'合同管理','要求当然影响那些首页一直参加.','无经验','硕士以上',3000,9000,'新疆维吾尔自治区',NULL,'其他 东西 专业',1,1,26),('2018-10-29 18:35:57','2018-10-29 18:35:57',259,'安检员','需要发展完全应该谢谢通过.','无经验','大专以上',5000,10000,'广西壮族自治区',NULL,'工具 一个 大小',1,1,26),('2018-10-29 18:35:57','2018-10-29 18:35:57',260,'机修工','文化之后有关音乐.','1-3年','硕士以上',2000,7000,'山西省',NULL,'最后 游戏 两个',1,1,26),('2018-10-29 18:35:57','2018-10-29 18:35:57',261,'动物营养/饲料研发','查看发展本站学校就是作品.','1年以上','大专以上',2000,7000,'甘肃省',NULL,'大小 特别 制作',1,1,27),('2018-10-29 18:35:57','2018-10-29 18:35:57',262,'发型师','到了那个两个帮助.','1-3年','大专以上',6000,8000,'吉林省',NULL,'主题 的话 相关',1,1,27),('2018-10-29 18:35:57','2018-10-29 18:35:57',263,'医院/医疗/护理','处理回复来自次数环境.','1年以上','大专以上',6000,10000,'陕西省',NULL,'事情 没有 开始',1,1,27),('2018-10-29 18:35:57','2018-10-29 18:35:57',264,'兼职店员','业务数据基本她的这样销售.','无经验','硕士以上',3000,10000,'辽宁省',NULL,'提高 还是 相关',1,1,27),('2018-10-29 18:35:57','2018-10-29 18:35:57',265,'投诉专员','北京能够都是没有以后是一.','无经验','本科以上',3000,10000,'福建省',NULL,'上海 地址 回复',1,1,27),('2018-10-29 18:35:57','2018-10-29 18:35:57',266,'浇注工','网站他们然后政府.','1年以上','大专以上',2000,9000,'广西壮族自治区',NULL,'一些 操作 留言',1,1,27),('2018-10-29 18:35:57','2018-10-29 18:35:57',267,'化工技术应用/化工工程师','一种历史广告所有内容感觉论坛来自.','无经验','大专以上',3000,7000,'陕西省',NULL,'投资 法律 准备',1,1,27),('2018-10-29 18:35:57','2018-10-29 18:35:57',268,'安防系统工程师','支持工程她的制作.','无经验','本科以上',5000,8000,'黑龍江省',NULL,'学校 为什 首页',1,1,27),('2018-10-29 18:35:57','2018-10-29 18:35:57',269,'活动策划','以下生产发展.','3-5年','大专以上',6000,7000,'山西省',NULL,'法律 准备 帖子',1,1,27),('2018-10-29 18:35:57','2018-10-29 18:35:57',270,'空调/热能工程师','图片技术一样.','1-3年','本科以上',2000,7000,'贵州省',NULL,'基本 那些 但是',1,1,27),('2018-10-29 18:35:57','2018-10-29 18:35:57',271,'产品规划工程师','人民国内记者.','1年以上','硕士以上',2000,10000,'山东省',NULL,'质量 安全 应用',1,1,28),('2018-10-29 18:35:57','2018-10-29 18:35:57',272,'折弯工','作为这么精华次数积分帖子记者.','1年以上','本科以上',5000,8000,'云南省',NULL,'主要 中心 的是',1,1,28),('2018-10-29 18:35:57','2018-10-29 18:35:57',273,'行政总监','计划人民一定类别还有内容地方.','1-3年','硕士以上',5000,8000,'广西壮族自治区',NULL,'学校 责任 最新',1,1,28),('2018-10-29 18:35:57','2018-10-29 18:35:57',274,'装订工','这样最大所以对于在线为了.','1-3年','大专以上',3000,8000,'云南省',NULL,'希望 自己 如何',1,1,28),('2018-10-29 18:35:57','2018-10-29 18:35:57',275,'技术支持/维护工程师','直接电子也是今年可是一定介绍.','3-5年','本科以上',5000,7000,'山东省',NULL,'学习 会员 一点',1,1,28),('2018-10-29 18:35:57','2018-10-29 18:35:57',276,'模具工程师','工作产品电话参加社会这种作者.','1年以上','大专以上',5000,9000,'内蒙古自治区',NULL,'部分 类型 操作',1,1,28),('2018-10-29 18:35:57','2018-10-29 18:35:57',277,'新媒体运营','北京有关积分如此价格精华可以.','1年以上','硕士以上',2000,10000,'广东省',NULL,'商品 这里 合作',1,1,28),('2018-10-29 18:35:57','2018-10-29 18:35:57',278,'排版设计','设计来自为什一个世界可能.','无经验','大专以上',5000,9000,'安徽省',NULL,'一个 新闻 新闻',1,1,28),('2018-10-29 18:35:57','2018-10-29 18:35:57',279,'客服专员/助理','完成程序之间学习.','无经验','硕士以上',2000,8000,'海南省',NULL,'如何 重要 主题',1,1,28),('2018-10-29 18:35:57','2018-10-29 18:35:57',280,'会计经理/会计主管','报告部门没有深圳.','无经验','硕士以上',3000,9000,'江苏省',NULL,'资料 用户 手机',1,1,28),('2018-10-29 18:35:57','2018-10-29 18:35:57',281,'兽医','首页结果通过欢迎深圳而且那么.','1年以上','大专以上',5000,9000,'浙江省',NULL,'会员 由于 对于',1,1,29),('2018-10-29 18:35:57','2018-10-29 18:35:57',282,'区域销售总监','同时不过网上以下提供.','无经验','硕士以上',2000,8000,'湖南省',NULL,'规定 资料 设计',1,1,29),('2018-10-29 18:35:57','2018-10-29 18:35:57',283,'西班牙语翻译','简介虽然那么成为当前.','1年以上','本科以上',5000,10000,'宁夏回族自治区',NULL,'中心 音乐 电子',1,1,29),('2018-10-29 18:35:57','2018-10-29 18:35:57',284,'大堂经理','全国学校系列而且工程.','1年以上','大专以上',3000,7000,'吉林省',NULL,'最大 自己 表示',1,1,29),('2018-10-29 18:35:57','2018-10-29 18:35:57',285,'集成电路IC设计/应用工程师','科技业务全部一起感觉出来因此.','1年以上','大专以上',5000,8000,'甘肃省',NULL,'状态 地方 的话',1,1,29),('2018-10-29 18:35:57','2018-10-29 18:35:57',286,'杂工','业务无法还是投资全国国家.','1-3年','大专以上',5000,8000,'河南省',NULL,'评论 怎么 控制',1,1,29),('2018-10-29 18:35:57','2018-10-29 18:35:57',287,'中餐厨师','本站只有最新大家介绍安全.','3-5年','本科以上',3000,8000,'江西省',NULL,'那么 比较 会员',1,1,29),('2018-10-29 18:35:57','2018-10-29 18:35:57',288,'高级物业顾问/物业顾问','如何能够市场深圳大小学生教育女人.','1-3年','大专以上',6000,10000,'浙江省',NULL,'大学 只是 类型',1,1,29),('2018-10-29 18:35:57','2018-10-29 18:35:57',289,'幼教','解决行业公司.','1年以上','大专以上',6000,9000,'湖南省',NULL,'工作 点击 能够',1,1,29),('2018-10-29 18:35:57','2018-10-29 18:35:57',290,'视觉设计师','有些密码人民学校人员.','1-3年','硕士以上',3000,10000,'陕西省',NULL,'无法 一样 学校',1,1,29),('2018-10-29 18:35:57','2018-10-29 18:35:57',291,'打稿机操作员','发布留言一般质量比较帖子系统.','1-3年','本科以上',3000,10000,'吉林省',NULL,'技术 大小 类型',1,1,30),('2018-10-29 18:35:57','2018-10-29 18:35:57',292,'医药销售人员','表示通过提供一定公司规定一定包括.','3-5年','大专以上',3000,8000,'新疆维吾尔自治区',NULL,'报告 教育 最后',1,1,30),('2018-10-29 18:35:57','2018-10-29 18:35:57',293,'销售工程师','选择应该销售两个.','1-3年','大专以上',2000,9000,'广东省',NULL,'对于 服务 关于',1,1,30),('2018-10-29 18:35:57','2018-10-29 18:35:57',294,'高级管理','说明质量一样地区完成学习.','无经验','硕士以上',2000,8000,'福建省',NULL,'产品 解决 一种',1,1,30),('2018-10-29 18:35:57','2018-10-29 18:35:57',295,'信用卡销售','虽然用户出来怎么准备怎么影响.','1-3年','本科以上',2000,10000,'四川省',NULL,'教育 今年 设计',1,1,30),('2018-10-29 18:35:57','2018-10-29 18:35:57',296,'风险控制','世界北京责任不是他的.','1-3年','大专以上',6000,10000,'河南省',NULL,'提供 类别 继续',1,1,30),('2018-10-29 18:35:57','2018-10-29 18:35:57',297,'医疗器械销售代表','规定项目也是建设继续方法开发.','1-3年','硕士以上',5000,10000,'河北省',NULL,'这个 只有 组织',1,1,30),('2018-10-29 18:35:57','2018-10-29 18:35:57',298,'建筑项目助理','程序学习教育觉得.','1-3年','硕士以上',6000,9000,'内蒙古自治区',NULL,'方式 为什 自己',1,1,30),('2018-10-29 18:35:57','2018-10-29 18:35:57',299,'行长/副行长','程序喜欢因为由于介绍管理需要完成.','3-5年','大专以上',2000,8000,'山西省',NULL,'工具 阅读 合作',1,1,30),('2018-10-29 18:35:57','2018-10-29 18:35:57',300,'媒介主管','虽然如果中国其实表示汽车但是.','1年以上','大专以上',5000,9000,'湖南省',NULL,'威望 一般 数据',1,1,30),('2018-10-29 18:35:57','2018-10-29 18:35:57',301,'广告制作执行','活动成为发布朋友继续任何.','无经验','大专以上',5000,7000,'湖南省',NULL,'使用 网络 密码',1,1,31),('2018-10-29 18:35:57','2018-10-29 18:35:57',302,'细纱工','数据成为发展同时进行朋友.','1-3年','本科以上',6000,8000,'云南省',NULL,'标准 电脑 处理',1,1,31),('2018-10-29 18:35:57','2018-10-29 18:35:57',303,'高级硬件工程师','他的产品深圳可是.','3-5年','本科以上',2000,9000,'新疆维吾尔自治区',NULL,'有些 经验 看到',1,1,31),('2018-10-29 18:35:57','2018-10-29 18:35:57',304,'其他','更多看到计划汽车能力工作通过.','1-3年','大专以上',2000,7000,'黑龍江省',NULL,'加入 成功 也是',1,1,31),('2018-10-29 18:35:57','2018-10-29 18:35:57',305,'技术支持/维护经理','然后完成生产最后功能显示的人.','1年以上','本科以上',3000,7000,'河北省',NULL,'当前 生活 教育',1,1,31),('2018-10-29 18:35:57','2018-10-29 18:35:57',306,'品质经理','最新不会你的人民状态这种继续.','无经验','本科以上',3000,9000,'广西壮族自治区',NULL,'无法 影响 之间',1,1,31),('2018-10-29 18:35:57','2018-10-29 18:35:57',307,'公务员','责任名称人民感觉标题更新.','1-3年','硕士以上',2000,8000,'广西壮族自治区',NULL,'教育 方面 浏览',1,1,31),('2018-10-29 18:35:57','2018-10-29 18:35:57',308,'医疗器械市场推广','学校首页通过为什一定今天技术.','1-3年','本科以上',6000,7000,'四川省',NULL,'应用 能力 需要',1,1,31),('2018-10-29 18:35:57','2018-10-29 18:35:57',309,'玩具设计','会员客户比较女人一样内容不会全国.','无经验','本科以上',5000,7000,'浙江省',NULL,'什么 工作 点击',1,1,31),('2018-10-29 18:35:57','2018-10-29 18:35:57',310,'其他','发展设计推荐社区搜索规定.','1-3年','本科以上',6000,7000,'河南省',NULL,'具有 原因 电影',1,1,31),('2018-10-29 18:35:57','2018-10-29 18:35:57',311,'融资专员','法律一些如此一定人民然后.','1年以上','硕士以上',6000,9000,'福建省',NULL,'中国 更新 因为',1,1,32),('2018-10-29 18:35:57','2018-10-29 18:35:57',312,'调酒师/侍酒师/吧台员','生产就是国家语言控制一样.','1-3年','硕士以上',6000,9000,'甘肃省',NULL,'当前 处理 发现',1,1,32),('2018-10-29 18:35:57','2018-10-29 18:35:57',313,'网店模特','因为已经首页部门来自控制.','1-3年','硕士以上',3000,10000,'湖南省',NULL,'广告 怎么 发生',1,1,32),('2018-10-29 18:35:57','2018-10-29 18:35:57',314,'设备主管','实现更新下载如果服务学校登录.','1年以上','硕士以上',6000,10000,'辽宁省',NULL,'手机 社区 时间',1,1,32),('2018-10-29 18:35:57','2018-10-29 18:35:57',315,'室内设计','责任学习广告资料能力认为.','无经验','大专以上',6000,9000,'河南省',NULL,'推荐 可是 不过',1,1,32),('2018-10-29 18:35:57','2018-10-29 18:35:57',316,'其他','孩子不能次数进入更新能够.','1-3年','大专以上',2000,8000,'内蒙古自治区',NULL,'支持 比较 自己',1,1,32),('2018-10-29 18:35:57','2018-10-29 18:35:57',317,'营业部大堂经理','朋友以上加入那个情况是否一直.','3-5年','本科以上',3000,8000,'湖北省',NULL,'行业 中国 以上',1,1,32),('2018-10-29 18:35:57','2018-10-29 18:35:57',318,'多媒体/游戏开发工程师','社区出现一种.','无经验','硕士以上',6000,10000,'陕西省',NULL,'东西 其实 部门',1,1,32),('2018-10-29 18:35:57','2018-10-29 18:35:57',319,'市场/营销/拓展主管','可以投资感觉觉得.','3-5年','大专以上',5000,8000,'湖北省',NULL,'工具 要求 电影',1,1,32),('2018-10-29 18:35:57','2018-10-29 18:35:57',320,'ERP技术开发','制作不会相关喜欢我的的是状态.','无经验','硕士以上',6000,9000,'陕西省',NULL,'她的 精华 一些',1,1,32);
/*!40000 ALTER TABLE `job` ENABLE KEYS */;
UNLOCK TABLES;

--
-- Table structure for table `user`
--

DROP TABLE IF EXISTS `user`;
/*!40101 SET @saved_cs_client     = @@character_set_client */;
/*!40101 SET character_set_client = utf8 */;
CREATE TABLE `user` (
  `created_at` datetime DEFAULT NULL,
  `updated_at` datetime DEFAULT NULL,
  `id` int(11) NOT NULL AUTO_INCREMENT,
  `name` varchar(32) DEFAULT NULL,
  `username` varchar(32) NOT NULL,
  `email` varchar(64) NOT NULL,
  `role` smallint(6) DEFAULT NULL,
  `password` varchar(256) NOT NULL,
  `phonenumber` text,
  `work_experience` smallint(6) DEFAULT NULL,
  `upload_resume_jobname` varchar(64) DEFAULT NULL,
  `is_disable` tinyint(1) DEFAULT NULL,
  PRIMARY KEY (`id`),
  UNIQUE KEY `ix_user_email` (`email`),
  UNIQUE KEY `ix_user_username` (`username`)
) ENGINE=InnoDB AUTO_INCREMENT=35 DEFAULT CHARSET=utf8;
/*!40101 SET character_set_client = @saved_cs_client */;

--
-- Dumping data for table `user`
--

LOCK TABLES `user` WRITE;
/*!40000 ALTER TABLE `user` DISABLE KEYS */;
INSERT INTO `user` VALUES ('2018-10-29 18:35:54','2018-10-29 18:35:54',1,'漆丽丽','WiFi钥匙','songyan@luo.com',20,'pbkdf2:sha256:50000$caGzKqht$2bedbbb0242df863764868ad5b45ad676cf2399e62584b896422c7c80af7bbbf','14762922384',NULL,NULL,0),('2018-10-29 18:35:54','2018-10-29 18:35:54',2,'雕瑞','天眼查','olu@qiao.cn',20,'pbkdf2:sha256:50000$040GhkvS$d794e74595fc734a768b8238d8adee7db48ce1388c19f96fff0cea21b8fc931b','14550179413',NULL,NULL,0),('2018-10-29 18:35:55','2018-10-29 18:35:55',3,'谷柳','十点读书','xiahu@gmail.com',20,'pbkdf2:sha256:50000$D3hntZPI$ea8a9dafda43afd5930af40ff2f17e1937c3364c3407692767b101d65a1f5880','13005615330',NULL,NULL,0),('2018-10-29 18:35:55','2018-10-29 18:35:55',4,'富秀珍','他趣','fang54@yahoo.com',20,'pbkdf2:sha256:50000$NVFkptlO$d85ace3ae34d632634c22cb601d5563554e604c19e58ea9660df6525b9d66c4a','18554473523',NULL,NULL,0),('2018-10-29 18:35:55','2018-10-29 18:35:55',5,'何丽丽','歆记','weisu@yi.com',20,'pbkdf2:sha256:50000$cXPL2p2p$b113062f3e3dcf45fef2c7e837dd76bbe50976548b48f402ab8ef9751b32b480','13810012229',NULL,NULL,0),('2018-10-29 18:35:55','2018-10-29 18:35:55',6,'左桂花','欣欣旅游','chao59@fan.com',20,'pbkdf2:sha256:50000$gXxgOrFx$787ba9eec2c0d114ad2b50fad2a7aa91fbfd397ee7dcb6fbc1f1aade8cdff4bd','18173056796',NULL,NULL,0),('2018-10-29 18:35:55','2018-10-29 18:35:55',7,'居宁','掌途','guiying95@xu.org',20,'pbkdf2:sha256:50000$iOnS9Xmr$b02958ede05e9b9a21a776e50e614061b21f6a8a24fea160f17e1ba09c06aebe','13195823487',NULL,NULL,0),('2018-10-29 18:35:55','2018-10-29 18:35:55',8,'宇洁','美图公司','ping56@gmail.com',20,'pbkdf2:sha256:50000$e0n1YZfB$9f484b9a1c68b62c80dd3030eb5de20bb478a0fe3520ef11460915a763e96e2f','18260444879',NULL,NULL,0),('2018-10-29 18:35:55','2018-10-29 18:35:55',9,'沃明','美芽','jingqiao@gmail.com',20,'pbkdf2:sha256:50000$isy8DtPo$d3ca3eaa2fca28d4f8970c2c089e8b5e1776ab63f6eae42d1de00e18522cd310','15054998096',NULL,NULL,0),('2018-10-29 18:35:55','2018-10-29 18:35:55',10,'暴楠','华云数据','shenjuan@hotmail.com',20,'pbkdf2:sha256:50000$NaxkCg4x$1a6bd33ab2cd5eae9b10bb19b9ba3546dc21d90f8f0d22834dacb9203c003df0','13605937436',NULL,NULL,0),('2018-10-29 18:35:55','2018-10-29 18:35:55',11,'丘丽丽','稿定','vtan@hotmail.com',20,'pbkdf2:sha256:50000$6uAtFbkr$519eef47f8df61e37d4a3f44d911b979cdd4148f43a3ac8b405fdd4eefbcaa7f','14517761595',NULL,NULL,0),('2018-10-29 18:35:55','2018-10-29 18:35:55',12,'柳桂芳','在田','xiayao@hao.com',20,'pbkdf2:sha256:50000$FMtvK6fP$c3eba919277ba103a1693ad737c0f1c0ba61548fd1ca497f755c1ee125e37da1','15976819855',NULL,NULL,0),('2018-10-29 18:35:55','2018-10-29 18:35:55',13,'陈欢','4399','mojing@zhang.net',20,'pbkdf2:sha256:50000$pqQXWBLv$9f4a25d2183d4f6e781f2f23bdc970745db5a4af2345a4ba09053da715ac68fa','13942333420',NULL,NULL,0),('2018-10-29 18:35:55','2018-10-29 18:35:55',14,'东丽华','礼小签','mochao@xiong.com',20,'pbkdf2:sha256:50000$MEMTkdMD$5bd5fd187bda6ce1225ccacfe4065a2726450109046d5e41b677b534d46d9390','13461998326',NULL,NULL,0),('2018-10-29 18:35:56','2018-10-29 18:35:56',15,'乔红梅','小签科技','jing20@huang.com',20,'pbkdf2:sha256:50000$1DZs7tJH$091b3620203e7d6033f9820cebc9cd8c68cf7b3407a3f298236d4daa3181f826','13570385329',NULL,NULL,0),('2018-10-29 18:35:56','2018-10-29 18:35:56',16,'别桂花','洋葱数学','caogang@yahoo.com',20,'pbkdf2:sha256:50000$AzyRC8tO$b35aa27bc384c3a8d456588536432b501f82f7e3aceb64177057b395d365b2cb','15656259803',NULL,NULL,0),('2018-10-29 18:35:56','2018-10-29 18:35:56',17,'滑霞','爱云校','min37@chen.com',20,'pbkdf2:sha256:50000$IXksRPtU$448ab19a5337e449f4c130477bbd568357e3259e44a825ab86bce42c2d1cf01c','15731154210',NULL,NULL,0),('2018-10-29 18:35:56','2018-10-29 18:35:56',18,'薛颖','摩尔妈妈','xiangjuan@lin.com',20,'pbkdf2:sha256:50000$4iKhLWBa$28ff6548d8e99fcb70ae05d7f0983561a395acd4b2cbb35b60f39a9ffbdeedcd','13345106068',NULL,NULL,0),('2018-10-29 18:35:56','2018-10-29 18:35:56',19,'龚桂英','美易美妆','lyang@yahoo.com',20,'pbkdf2:sha256:50000$sQAKLjjl$ce2e0ee876074c8def97a4c1282355fff9b27a1adf21febd0aef6da08f395cdc','13122043053',NULL,NULL,0),('2018-10-29 18:35:56','2018-10-29 18:35:56',20,'金春梅','72变','taoqiao@shi.org',20,'pbkdf2:sha256:50000$b1ANcV3x$875cb4db85dda2dbcc3e238384300d893f1be11679c871821980c18c6be902e4','13795529533',NULL,NULL,0),('2018-10-29 18:35:56','2018-10-29 18:35:56',21,'壤冬梅','中国金融认证中心','na60@gmail.com',20,'pbkdf2:sha256:50000$w5WUFqQ7$66da2501910076411d6910c3938fed7a78b683d590c4e024044e08f8ce36673e','18259477256',NULL,NULL,0),('2018-10-29 18:35:56','2018-10-29 18:35:56',22,'丘琳','薪人薪事','gang93@hou.com',20,'pbkdf2:sha256:50000$NRjC7RL7$83dfd4593a80b181bd151b9944e821c1b07f423c9b7e86f9896507875aee518f','14707471513',NULL,NULL,0),('2018-10-29 18:35:56','2018-10-29 18:35:56',23,'令婷','安智','wei96@jia.com',20,'pbkdf2:sha256:50000$LNGq8J8h$0772a84b6544281d780795b969fe40638e96f973f6143090a647743dd67a900f','15569912054',NULL,NULL,0),('2018-10-29 18:35:56','2018-10-29 18:35:56',24,'濮亮','云脑科技','jie35@yin.cn',20,'pbkdf2:sha256:50000$cr8nePjb$84f60be88cb0c0a25ff0f9810bfb4ade462e742b80993222b61d7b3a7510ab25','14527422517',NULL,NULL,0),('2018-10-29 18:35:56','2018-10-29 18:35:56',25,'双玲','果壳网','syi@hotmail.com',20,'pbkdf2:sha256:50000$4ejnOvf7$0c8f017fb093edc2b55b8bdc2b988ff7d19f3144344ed62f33dcda80edc0abc4','18058395623',NULL,NULL,0),('2018-10-29 18:35:57','2018-10-29 18:35:57',26,'严建华','赛格威机器人','weihe@tan.cn',20,'pbkdf2:sha256:50000$oM9MGnGd$fb8f047a0047c01e0c3a4fc00e7dea1b5c195901cd30244f7dc1c90525e9bff4','13348238551',NULL,NULL,0),('2018-10-29 18:35:57','2018-10-29 18:35:57',27,'白晨','在行','lfan@qin.net',20,'pbkdf2:sha256:50000$98BDPcvE$7d7f9d95fcd2613140a2a4d6d55dd933c3d2636fdf657347a97856f1e9cfa801','14529750293',NULL,NULL,0),('2018-10-29 18:35:57','2018-10-29 18:35:57',28,'尹颖','玩吧','dujie@yi.cn',20,'pbkdf2:sha256:50000$E9K7a5AL$74d29df581f0496a90f1bf20c7c3abf5f691705c9ccbe7889b3bba4616ada489','13946675220',NULL,NULL,0),('2018-10-29 18:35:57','2018-10-29 18:35:57',29,'郁欣','Face','byi@hotmail.com',20,'pbkdf2:sha256:50000$sq3dl7l3$8575a1dc6d5c54ae8bd0d3be1fb6fc06235f1b64f2cfcea4cfc1c2ee9657ec91','14571017547',NULL,NULL,0),('2018-10-29 18:35:57','2018-10-29 18:35:57',30,'国宇','妙计旅行','juan77@qin.com',20,'pbkdf2:sha256:50000$4dGa2cpx$a7832ffa7c06ba4b399882836db589a91c40cc0ea9cdeff1bfb0438d64af1bc0','18037971490',NULL,NULL,0),('2018-10-29 18:35:57','2018-10-29 18:35:57',31,'孙飞','同步推','jiayan@yahoo.com',20,'pbkdf2:sha256:50000$scbD9uAw$300b85246d5d3de0cb954147441a31f6a6c3f088ff6485b34272b32d2de9de54','13172082542',NULL,NULL,0),('2018-10-29 18:35:57','2018-10-29 18:35:57',32,'闵丽娟','航班管家','liaoyan@hotmail.com',20,'pbkdf2:sha256:50000$LuyzNC4T$2c92cc331fbd3e300423b0b81cdf3c8adc3441a12c67478d1b8e7c9b302e640e','13166754500',NULL,NULL,0),('2018-10-29 18:35:57','2018-10-29 18:35:57',33,'边欢','admin','admin@qq.com',30,'pbkdf2:sha256:50000$cdbHXwGc$260a353018d4835c7365b69c890284bc78cac7d899ef88bdd73bf76c7cdd3da4','13769699816',NULL,NULL,0),('2018-10-29 18:35:57','2018-10-29 18:35:57',34,'牧波','user','user@qq.com',10,'pbkdf2:sha256:50000$sAGKdNll$2f2462f5afea59479b073b818b34823995371e94783aec6968ecb7e84e0c1653','18872492597',NULL,NULL,0);
/*!40000 ALTER TABLE `user` ENABLE KEYS */;
UNLOCK TABLES;

--
-- Table structure for table `user_job`
--

DROP TABLE IF EXISTS `user_job`;
/*!40101 SET @saved_cs_client     = @@character_set_client */;
/*!40101 SET character_set_client = utf8 */;
CREATE TABLE `user_job` (
  `user_id` int(11) DEFAULT NULL,
  `job_id` int(11) DEFAULT NULL,
  KEY `job_id` (`job_id`),
  KEY `user_id` (`user_id`),
  CONSTRAINT `user_job_ibfk_1` FOREIGN KEY (`job_id`) REFERENCES `job` (`id`) ON DELETE CASCADE,
  CONSTRAINT `user_job_ibfk_2` FOREIGN KEY (`user_id`) REFERENCES `user` (`id`) ON DELETE CASCADE
) ENGINE=InnoDB DEFAULT CHARSET=utf8;
/*!40101 SET character_set_client = @saved_cs_client */;

--
-- Dumping data for table `user_job`
--

LOCK TABLES `user_job` WRITE;
/*!40000 ALTER TABLE `user_job` DISABLE KEYS */;
/*!40000 ALTER TABLE `user_job` ENABLE KEYS */;
UNLOCK TABLES;
/*!40103 SET TIME_ZONE=@OLD_TIME_ZONE */;

/*!40101 SET SQL_MODE=@OLD_SQL_MODE */;
/*!40014 SET FOREIGN_KEY_CHECKS=@OLD_FOREIGN_KEY_CHECKS */;
/*!40014 SET UNIQUE_CHECKS=@OLD_UNIQUE_CHECKS */;
/*!40101 SET CHARACTER_SET_CLIENT=@OLD_CHARACTER_SET_CLIENT */;
/*!40101 SET CHARACTER_SET_RESULTS=@OLD_CHARACTER_SET_RESULTS */;
/*!40101 SET COLLATION_CONNECTION=@OLD_COLLATION_CONNECTION */;
/*!40111 SET SQL_NOTES=@OLD_SQL_NOTES */;

-- Dump completed on 2018-10-30  2:38:16
